{"type":"FeatureCollection","features":[{"type":"Feature","properties":{"ID":1,"WARD_ID":"01AAFA","POPU":100,"AREA":1.0,"SOC":"RED"},"geometry":{"type":"Polygon","coordinates":[[[-77.062799,38.906510999999995],[-77.063099,38.907311],[-77.063299,38.907711],[-77.063599,38.908211],[-77.06389899999999,38.908611],[-77.064099,38.909110999999996],[-77.064399,38.909611],[-77.064799,38.910211],[-77.06493499999999,38.910483],[-77.064999,38.910610999999996],[-77.06599899999999,38.912411],[-77.066099,38.912611],[-77.066599,38.913610999999996],[-77.067099,38.914611],[-77.067799,38.915611],[-77.068399,38.916511],[-77.067494,38.917013],[-77.066852,38.917181],[-77.06684899999999,38.918366999999996],[-77.066699,38.918510999999995],[-77.063699,38.918411],[-77.059299,38.918211],[-77.058999,38.918011],[-77.057999,38.917411],[-77.058799,38.915510999999995],[-77.055199,38.912811],[-77.052499,38.911611],[-77.051808,38.911018999999996],[-77.051099,38.910410999999996],[-77.050399,38.909911],[-77.050299,38.909611],[-77.049899,38.909510999999995],[-77.049999,38.909011],[-77.053099,38.908311],[-77.054299,38.907011],[-77.054599,38.905811],[-77.054795,38.905594],[-77.055499,38.904810999999995],[-77.05569899999999,38.904311],[-77.05648699999999,38.903261],[-77.056519,38.903217],[-77.05659899999999,38.903110999999996],[-77.05749899999999,38.902211],[-77.057999,38.901410999999996],[-77.058199,38.901111],[-77.057799,38.900411],[-77.057099,38.899611],[-77.057199,38.899211],[-77.056699,38.898210999999996],[-77.05645799999999,38.89698],[-77.05569899999999,38.893111],[-77.05739899999999,38.892733],[-77.05749899999999,38.892711],[-77.057609,38.892686],[-77.059699,38.892210999999996],[-77.06219899999999,38.891611],[-77.062922,38.891439],[-77.063361,38.891334],[-77.06429899999999,38.891110999999995],[-77.06436699999999,38.891281],[-77.064499,38.891611],[-77.06729899999999,38.899211],[-77.06819899999999,38.899811],[-77.06729899999999,38.900310999999995],[-77.062799,38.901210999999996],[-77.062399,38.901610999999995],[-77.062399,38.902211],[-77.062399,38.902698],[-77.062399,38.903110999999996],[-77.062399,38.903611],[-77.062399,38.903811],[-77.062399,38.904111],[-77.062399,38.904441999999996],[-77.062399,38.904711],[-77.062499,38.905211],[-77.062499,38.905391],[-77.062499,38.905471999999996],[-77.062499,38.905611],[-77.062799,38.906510999999995]]]}},{"type":"Feature","properties":{"ID":2,"WARD_ID":"01AAFB","POPU":50,"AREA":0.0,"SOC":"UNOCCUPIED"},"geometry":{"type":"Polygon","coordinates":[[[-77.073899,38.912510999999995],[-77.07297899999999,38.912510999999995],[-77.072942,38.911865999999996],[-77.06903,38.91189],[-77.06899899999999,38.911611],[-77.06899899999999,38.910610999999996],[-77.068899,38.909510999999995],[-77.068899,38.908611],[-77.070199,38.908611],[-77.071499,38.908511],[-77.071499,38.907610999999996],[-77.071399,38.906411],[-77.071299,38.905711],[-77.073404,38.905702999999995],[-77.07498,38.905699999999996],[-77.075513,38.905699],[-77.0778,38.905811],[-77.0778,38.906110999999996],[-77.0778,38.906611],[-77.0778,38.908335],[-77.0778,38.909611],[-77.079,38.912510999999995],[-77.076381,38.912436],[-77.07549999999999,38.912411],[-77.073899,38.912510999999995]]]}},{"type":"Feature","properties":{"ID":3,"WARD_ID":"01AAFC","POPU":100,"AREA":0.0,"SOC":"BLUE"},"geometry":{"type":"Polygon","coordinates":[[[-77.07297899999999,38.912510999999995],[-77.072599,38.912510999999995],[-77.071856,38.912510999999995],[-77.070899,38.912510999999995],[-77.069099,38.912510999999995],[-77.069099,38.913410999999996],[-77.069199,38.914411],[-77.069199,38.915310999999996],[-77.069299,38.916511],[-77.069299,38.916810999999996],[-77.069299,38.917611],[-77.068399,38.916511],[-77.067799,38.915611],[-77.067099,38.914611],[-77.066599,38.913610999999996],[-77.066099,38.912611],[-77.06599899999999,38.912411],[-77.064999,38.910610999999996],[-77.06493499999999,38.910483],[-77.064799,38.910211],[-77.064399,38.909611],[-77.064099,38.909110999999996],[-77.06389899999999,38.908611],[-77.063599,38.908211],[-77.063299,38.907711],[-77.063099,38.907311],[-77.062799,38.906510999999995],[-77.062499,38.905611],[-77.062499,38.905471999999996],[-77.062499,38.905391],[-77.062499,38.905211],[-77.062399,38.904711],[-77.062399,38.904441999999996],[-77.062399,38.904111],[-77.062399,38.903811],[-77.062399,38.903611],[-77.062399,38.903110999999996],[-77.062399,38.902698],[-77.062399,38.902211],[-77.062399,38.901610999999995],[-77.062799,38.901210999999996],[-77.06729899999999,38.900310999999995],[-77.06819899999999,38.899811],[-77.070099,38.900711],[-77.0777,38.901711],[-77.0778,38.904111],[-77.0778,38.905311],[-77.0778,38.905498],[-77.0778,38.905811],[-77.075513,38.905699],[-77.07498,38.905699999999996],[-77.073404,38.905702999999995],[-77.071299,38.905711],[-77.071399,38.906411],[-77.071499,38.907610999999996],[-77.071499,38.908511],[-77.070199,38.908611],[-77.068899,38.908611],[-77.068899,38.909510999999995],[-77.06899899999999,38.910610999999996],[-77.06899899999999,38.911611],[-77.06903,38.91189],[-77.072942,38.911865999999996],[-77.07297899999999,38.912510999999995]]]}},{"type":"Feature","properties":{"ID":4,"WARD_ID":"01AAFD","POPU":50,"AREA":0.0,"SOC":"RED"},"geometry":{"type":"Polygon","coordinates":[[[-77.080167,38.917403],[-77.082,38.919208999999995],[-77.082087,38.919303],[-77.0823,38.921411],[-77.082,38.921411],[-77.0809,38.921411],[-77.0808,38.922511],[-77.07979999999999,38.922411],[-77.07889999999999,38.922411],[-77.078,38.922511],[-77.077,38.922411],[-77.074699,38.922411],[-77.073099,38.922511],[-77.072799,38.922511],[-77.071699,38.920411],[-77.071399,38.920010999999995],[-77.070599,38.919111],[-77.06989899999999,38.918310999999996],[-77.069299,38.917611],[-77.069299,38.916810999999996],[-77.069299,38.916511],[-77.069199,38.915310999999996],[-77.069199,38.914411],[-77.069099,38.913410999999996],[-77.069099,38.912510999999995],[-77.070899,38.912510999999995],[-77.071856,38.912510999999995],[-77.072599,38.912510999999995],[-77.07297899999999,38.912510999999995],[-77.073899,38.912510999999995],[-77.07549999999999,38.912411],[-77.076381,38.912436],[-77.079,38.912510999999995],[-77.07831399999999,38.914159],[-77.079295,38.916509999999995],[-77.079324,38.916602],[-77.07994599999999,38.917184999999996],[-77.080167,38.917403]]]}},{"type":"Feature","properties":{"ID":5,"WARD_ID":"01AAFE","POPU":100,"AREA":0.0,"SOC":"BLUE"},"geometry":{"type":"Polygon","coordinates":[[[-77.056297,38.919759],[-77.056499,38.919711],[-77.05789899999999,38.919011],[-77.058999,38.918011],[-77.059299,38.918211],[-77.063699,38.918411],[-77.066699,38.918510999999995],[-77.06684899999999,38.918366999999996],[-77.066852,38.917181],[-77.067494,38.917013],[-77.068399,38.916511],[-77.069299,38.917611],[-77.06989899999999,38.918310999999996],[-77.070599,38.919111],[-77.071399,38.920010999999995],[-77.071699,38.920411],[-77.072799,38.922511],[-77.073099,38.922511],[-77.073148,38.923046],[-77.073199,38.923611],[-77.073199,38.924510999999995],[-77.073199,38.926111],[-77.073399,38.927411],[-77.073399,38.928311],[-77.073199,38.928810999999996],[-77.072799,38.931711],[-77.070899,38.931611],[-77.068399,38.931311],[-77.066599,38.931311],[-77.066599,38.930011],[-77.066499,38.929811],[-77.066499,38.928810999999996],[-77.066499,38.927411],[-77.065299,38.927411],[-77.064799,38.927411],[-77.063299,38.927411],[-77.061799,38.926111],[-77.06129899999999,38.925810999999996],[-77.060699,38.925211],[-77.059399,38.924211],[-77.057799,38.922911],[-77.055999,38.923111],[-77.05489899999999,38.922011],[-77.054199,38.921310999999996],[-77.054799,38.920911],[-77.056297,38.919759]]]}},{"type":"Feature","properties":{"ID":6,"WARD_ID":"01AAFF","POPU":100,"AREA":0.0,"SOC":"RED"},"geometry":{"type":"Polygon","coordinates":[[[-77.057799,38.922911],[-77.057599,38.925911],[-77.056399,38.925810999999996],[-77.055399,38.925711],[-77.052799,38.925211],[-77.053399,38.926311],[-77.054299,38.927911],[-77.05489899999999,38.929010999999996],[-77.055399,38.929711],[-77.055899,38.930510999999996],[-77.054799,38.930710999999995],[-77.055199,38.931311],[-77.05489899999999,38.932410999999995],[-77.053299,38.933211],[-77.05269899999999,38.933411],[-77.05189899999999,38.933611],[-77.051699,38.933510999999996],[-77.05149899999999,38.933411],[-77.050899,38.933111],[-77.050699,38.933011],[-77.050799,38.932111],[-77.048799,38.931810999999996],[-77.046199,38.930211],[-77.04459899999999,38.927310999999996],[-77.046599,38.925911],[-77.049099,38.927510999999996],[-77.049599,38.927510999999996],[-77.049599,38.927111],[-77.049599,38.925511],[-77.049399,38.925111],[-77.048699,38.924310999999996],[-77.048591,38.923769],[-77.04849899999999,38.923311],[-77.048599,38.922311],[-77.050099,38.920911],[-77.051399,38.919311],[-77.052599,38.919610999999996],[-77.05529899999999,38.918811],[-77.057999,38.917411],[-77.058999,38.918011],[-77.05789899999999,38.919011],[-77.056499,38.919711],[-77.056297,38.919759],[-77.054799,38.920911],[-77.054199,38.921310999999996],[-77.05489899999999,38.922011],[-77.055999,38.923111],[-77.057799,38.922911]]]}},{"type":"Feature","properties":{"ID":7,"WARD_ID":"01AAFG","POPU":50,"AREA":0.0,"SOC":"UNOCCUPIED"},"geometry":{"type":"Polygon","coordinates":[[[-77.063299,38.927411],[-77.064799,38.927411],[-77.065299,38.927411],[-77.066499,38.927411],[-77.066499,38.928810999999996],[-77.066499,38.929811],[-77.066599,38.930011],[-77.066599,38.931311],[-77.065399,38.930910999999995],[-77.063299,38.930411],[-77.062699,38.930111],[-77.06219899999999,38.929911],[-77.06089899999999,38.930011],[-77.059799,38.930211],[-77.05869899999999,38.930910999999995],[-77.057999,38.932410999999995],[-77.056899,38.932311],[-77.056399,38.931311],[-77.055899,38.930510999999996],[-77.055399,38.929711],[-77.05489899999999,38.929010999999996],[-77.054299,38.927911],[-77.053399,38.926311],[-77.052799,38.925211],[-77.055399,38.925711],[-77.056399,38.925810999999996],[-77.057599,38.925911],[-77.057799,38.922911],[-77.059399,38.924211],[-77.060699,38.925211],[-77.06129899999999,38.925810999999996],[-77.061799,38.926111],[-77.063299,38.927411]]]}},{"type":"Feature","properties":{"ID":8,"WARD_ID":"01AAFH","POPU":100,"AREA":0.0,"SOC":"BLUE"},"geometry":{"type":"Polygon","coordinates":[[[-77.072499,38.933211],[-77.07289899999999,38.934411],[-77.073099,38.935410999999995],[-77.073199,38.935711],[-77.073999,38.937011],[-77.074499,38.938010999999996],[-77.07539899999999,38.939209999999996],[-77.0762,38.94101],[-77.076729,38.941738],[-77.077,38.94211],[-77.07499899999999,38.94211],[-77.072699,38.94211],[-77.069199,38.94211],[-77.067965,38.940847999999995],[-77.067099,38.940509999999996],[-77.06429899999999,38.94041],[-77.063199,38.940709999999996],[-77.061999,38.940709999999996],[-77.06089899999999,38.93911],[-77.060299,38.937911],[-77.059399,38.936510999999996],[-77.058599,38.935111],[-77.057799,38.933710999999995],[-77.057599,38.933211],[-77.056899,38.932311],[-77.057999,38.932410999999995],[-77.05869899999999,38.930910999999995],[-77.059799,38.930211],[-77.06089899999999,38.930011],[-77.06219899999999,38.929911],[-77.062699,38.930111],[-77.063299,38.930411],[-77.065399,38.930910999999995],[-77.066599,38.931311],[-77.068399,38.931311],[-77.070899,38.931611],[-77.072799,38.931711],[-77.072699,38.932410999999995],[-77.072499,38.933211]]]}},{"type":"Feature","properties":{"ID":9,"WARD_ID":"01AAFJ","POPU":100,"AREA":0.0,"SOC":"RED"},"geometry":{"type":"Polygon","coordinates":[[[-77.0797,38.925810999999996],[-77.0814,38.925911],[-77.0816,38.926010999999995],[-77.0804,38.930111],[-77.0793,38.932711],[-77.0792,38.933011],[-77.08,38.933611],[-77.077,38.933211],[-77.07659,38.933211],[-77.075299,38.933211],[-77.074199,38.933211],[-77.072499,38.933211],[-77.072699,38.932410999999995],[-77.072799,38.931711],[-77.073199,38.928810999999996],[-77.073399,38.928311],[-77.073399,38.927411],[-77.073199,38.926111],[-77.073899,38.926010999999995],[-77.073899,38.925411],[-77.074699,38.925411],[-77.075874,38.925309],[-77.077,38.925211],[-77.077,38.926010999999995],[-77.0786,38.926111],[-77.0797,38.925810999999996]]]}},{"type":"Feature","properties":{"ID":10,"WARD_ID":"01AAFK","POPU":50,"AREA":0.0,"SOC":"BLUE"},"geometry":{"type":"Polygon","coordinates":[[[-77.077,38.922411],[-77.078,38.922511],[-77.07889999999999,38.922411],[-77.07979999999999,38.922411],[-77.0808,38.922511],[-77.0809,38.921411],[-77.082,38.921411],[-77.0823,38.921411],[-77.08218699999999,38.922157999999996],[-77.0822,38.922211],[-77.082163,38.922314],[-77.081802,38.924682],[-77.0816,38.926010999999995],[-77.0814,38.925911],[-77.0797,38.925810999999996],[-77.0786,38.926111],[-77.077,38.926010999999995],[-77.077,38.925211],[-77.075874,38.925309],[-77.074699,38.925411],[-77.073899,38.925411],[-77.073899,38.926010999999995],[-77.073199,38.926111],[-77.073199,38.924510999999995],[-77.073199,38.923611],[-77.073148,38.923046],[-77.073099,38.922511],[-77.074699,38.922411],[-77.077,38.922411]]]}},{"type":"Feature","properties":{"ID":11,"WARD_ID":"01AAFL","POPU":100,"AREA":0.0,"SOC":"RED"},"geometry":{"type":"Polygon","coordinates":[[[-77.081672,38.934725],[-77.08,38.933611],[-77.0792,38.933011],[-77.0793,38.932711],[-77.0804,38.930111],[-77.0816,38.926010999999995],[-77.081802,38.924682],[-77.082163,38.922314],[-77.0822,38.922211],[-77.08218699999999,38.922157999999996],[-77.0823,38.921411],[-77.082087,38.919303],[-77.082,38.919208999999995],[-77.085349,38.919124],[-77.085723,38.919124],[-77.08603699999999,38.919112999999996],[-77.08676899999999,38.919055],[-77.0889,38.919011],[-77.08879999999999,38.916311],[-77.09259999999999,38.916311],[-77.0947,38.915310999999996],[-77.096188,38.914336],[-77.096392,38.914201999999996],[-77.0976,38.913410999999996],[-77.0979,38.913410999999996],[-77.098,38.913311],[-77.09989999999999,38.911910999999996],[-77.10119999999999,38.911111],[-77.102375,38.912071999999995],[-77.1034,38.912911],[-77.103467,38.913087999999995],[-77.1048,38.916610999999996],[-77.1027,38.918611],[-77.10199999999999,38.919311],[-77.1019,38.919511],[-77.1014,38.919911],[-77.1009,38.920511],[-77.0997,38.922011],[-77.0989,38.922211],[-77.09711399999999,38.924971],[-77.096715,38.925587],[-77.09559999999999,38.927310999999996],[-77.09629,38.928967],[-77.0966,38.929711],[-77.0955,38.931311],[-77.0937,38.932311],[-77.09309999999999,38.932511],[-77.09129999999999,38.933111],[-77.0907,38.933510999999996],[-77.0891,38.934511],[-77.0889,38.934711],[-77.0885,38.935111],[-77.08829999999999,38.935311],[-77.0867,38.93721],[-77.08539999999999,38.93731],[-77.0848,38.936811],[-77.084497,38.936609],[-77.081672,38.934725]]]}},{"type":"Feature","properties":{"ID":12,"WARD_ID":"01AAFM","POPU":100,"AREA":0.0,"SOC":"UNOCCUPIED"},"geometry":{"type":"Polygon","coordinates":[[[-77.0778,38.905811],[-77.0778,38.905498],[-77.0778,38.905311],[-77.0778,38.904111],[-77.0777,38.901711],[-77.0803,38.902111],[-77.0822,38.901911],[-77.0902,38.904211],[-77.09338799999999,38.905758999999996],[-77.0937,38.905910999999996],[-77.1006,38.910711],[-77.10119999999999,38.911111],[-77.09989999999999,38.911910999999996],[-77.098,38.913311],[-77.0979,38.913410999999996],[-77.0976,38.913410999999996],[-77.096392,38.914201999999996],[-77.096188,38.914336],[-77.0947,38.915310999999996],[-77.09259999999999,38.916311],[-77.08879999999999,38.916311],[-77.0889,38.919011],[-77.08676899999999,38.919055],[-77.08603699999999,38.919112999999996],[-77.085723,38.919124],[-77.085349,38.919124],[-77.082,38.919208999999995],[-77.080167,38.917403],[-77.07994599999999,38.917184999999996],[-77.079324,38.916602],[-77.079295,38.916509999999995],[-77.07831399999999,38.914159],[-77.079,38.912510999999995],[-77.0778,38.909611],[-77.0778,38.908335],[-77.0778,38.906611],[-77.0778,38.906110999999996],[-77.0778,38.905811]]]}},{"type":"Feature","properties":{"ID":13,"WARD_ID":"01AAFN","POPU":50,"AREA":0.0,"SOC":"BLUE"},"geometry":{"type":"Polygon","coordinates":[[[-77.0929,38.942609999999995],[-77.09219999999999,38.942009999999996],[-77.0914,38.94141],[-77.0911,38.941109999999995],[-77.0904,38.940709999999996],[-77.09,38.940509999999996],[-77.0868,38.93811],[-77.0856,38.93831],[-77.08539999999999,38.93731],[-77.0867,38.93721],[-77.08829999999999,38.935311],[-77.0885,38.935111],[-77.0889,38.934711],[-77.0891,38.934511],[-77.0907,38.933510999999996],[-77.09129999999999,38.933111],[-77.09309999999999,38.932511],[-77.0937,38.932311],[-77.0964,38.932111],[-77.0975,38.932311],[-77.09859999999999,38.931311],[-77.09989999999999,38.930111],[-77.1007,38.929411],[-77.1018,38.928411],[-77.1022,38.928011],[-77.1043,38.927111],[-77.10463399999999,38.927472],[-77.104886,38.927745],[-77.10549999999999,38.928411],[-77.10589999999999,38.928810999999996],[-77.10719999999999,38.929711],[-77.1073,38.929911],[-77.10719999999999,38.930211],[-77.1082,38.931511],[-77.1092,38.932311],[-77.10929999999999,38.932511],[-77.1109,38.934111],[-77.1112,38.934511],[-77.1121,38.93551],[-77.1125,38.93731],[-77.1125,38.93841],[-77.1129,38.94001],[-77.1125,38.94031],[-77.10929999999999,38.942609999999995],[-77.1045,38.94641],[-77.1027,38.94761],[-77.1017,38.948409999999996],[-77.10119999999999,38.948609999999995],[-77.1007,38.94891],[-77.1005,38.94871],[-77.1009,38.948209999999996],[-77.0998,38.94751],[-77.0989,38.946709999999996],[-77.098321,38.946397999999995],[-77.0976,38.94601],[-77.0971,38.945409999999995],[-77.0951,38.944109999999995],[-77.0937,38.94311],[-77.0929,38.942609999999995]]]}},{"type":"Feature","properties":{"ID":14,"WARD_ID":"01AAFP","POPU":100,"AREA":0.0,"SOC":"RED"},"geometry":{"type":"Polygon","coordinates":[[[-77.1027,38.918611],[-77.1048,38.916610999999996],[-77.10629999999999,38.919111],[-77.10719999999999,38.919911],[-77.1134,38.925211],[-77.1159,38.928111],[-77.11659999999999,38.928911],[-77.1169,38.929611],[-77.11789999999999,38.932410999999995],[-77.1199,38.934311],[-77.1194,38.934909999999995],[-77.1173,38.936409999999995],[-77.1168,38.93681],[-77.1164,38.93721],[-77.11529999999999,38.93801],[-77.1141,38.93891],[-77.1129,38.94001],[-77.1125,38.93841],[-77.1125,38.93731],[-77.1121,38.93551],[-77.1112,38.934511],[-77.1109,38.934111],[-77.10929999999999,38.932511],[-77.1092,38.932311],[-77.1082,38.931511],[-77.10719999999999,38.930211],[-77.1073,38.929911],[-77.10719999999999,38.929711],[-77.10589999999999,38.928810999999996],[-77.10549999999999,38.928411],[-77.104886,38.927745],[-77.10463399999999,38.927472],[-77.1043,38.927111],[-77.1022,38.928011],[-77.1018,38.928411],[-77.1007,38.929411],[-77.09989999999999,38.930111],[-77.09859999999999,38.931311],[-77.0975,38.932311],[-77.0964,38.932111],[-77.0937,38.932311],[-77.0955,38.931311],[-77.0966,38.929711],[-77.09629,38.928967],[-77.09559999999999,38.927310999999996],[-77.096715,38.925587],[-77.09711399999999,38.924971],[-77.0989,38.922211],[-77.0997,38.922011],[-77.1009,38.920511],[-77.1014,38.919911],[-77.1019,38.919511],[-77.10199999999999,38.919311],[-77.1027,38.918611]]]}},{"type":"Feature","properties":{"ID":15,"WARD_ID":"01AAFQ","POPU":100,"AREA":0.0,"SOC":"BLUE"},"geometry":{"type":"Polygon","coordinates":[[[-77.0807,38.94921],[-77.0805,38.948409999999996],[-77.08,38.94751],[-77.0795,38.946709999999996],[-77.0792,38.94611],[-77.079,38.94581],[-77.0788,38.94551],[-77.07896199999999,38.94551],[-77.0792,38.94551],[-77.07927,38.94544],[-77.0801,38.94461],[-77.0805,38.94431],[-77.0814,38.94311],[-77.0823,38.94231],[-77.08319999999999,38.94101],[-77.0835,38.940709999999996],[-77.083552,38.94065],[-77.083917,38.940234],[-77.085075,38.93891],[-77.0856,38.93831],[-77.0868,38.93811],[-77.09,38.940509999999996],[-77.0904,38.940709999999996],[-77.0911,38.941109999999995],[-77.0914,38.94141],[-77.09219999999999,38.942009999999996],[-77.0929,38.942609999999995],[-77.0937,38.94311],[-77.0951,38.944109999999995],[-77.0971,38.945409999999995],[-77.0976,38.94601],[-77.098321,38.946397999999995],[-77.0989,38.946709999999996],[-77.0998,38.94751],[-77.1009,38.948209999999996],[-77.1005,38.94871],[-77.1007,38.94891],[-77.1002,38.94951],[-77.09989999999999,38.94961],[-77.09909999999999,38.95051],[-77.0984,38.95091],[-77.098,38.95111],[-77.09689999999999,38.95201],[-77.0966,38.95231],[-77.0957,38.953109999999995],[-77.0946,38.95401],[-77.0941,38.954409999999996],[-77.0937,38.954609999999995],[-77.0929,38.95531],[-77.09179999999999,38.956309999999995],[-77.0915,38.95651],[-77.0908,38.95691],[-77.089,38.957809999999995],[-77.0887,38.95801],[-77.0886,38.95831],[-77.088303,38.958639999999995],[-77.0877,38.959309999999995],[-77.0868,38.96001],[-77.08579999999999,38.960809999999995],[-77.0856,38.95991],[-77.0851,38.95881],[-77.08449999999999,38.957809999999995],[-77.0839,38.95671],[-77.0835,38.955709999999996],[-77.0829,38.95431],[-77.0822,38.953309999999995],[-77.0822,38.95301],[-77.08149999999999,38.951809999999995],[-77.08109999999999,38.95071],[-77.0807,38.94921]]]}},{"type":"Feature","properties":{"ID":16,"WARD_ID":"01AAFR","POPU":50,"AREA":0.0,"SOC":"RED"},"geometry":{"type":"Polygon","coordinates":[[[-77.074499,38.938010999999996],[-77.073999,38.937011],[-77.073199,38.935711],[-77.073099,38.935410999999995],[-77.07289899999999,38.934411],[-77.072499,38.933211],[-77.074199,38.933211],[-77.075299,38.933211],[-77.07659,38.933211],[-77.077,38.933211],[-77.08,38.933611],[-77.081672,38.934725],[-77.084497,38.936609],[-77.0848,38.936811],[-77.08539999999999,38.93731],[-77.0856,38.93831],[-77.085075,38.93891],[-77.083917,38.940234],[-77.083552,38.94065],[-77.0835,38.940709999999996],[-77.08319999999999,38.94101],[-77.0823,38.94231],[-77.0814,38.94311],[-77.0805,38.94431],[-77.0801,38.94461],[-77.07927,38.94544],[-77.0792,38.94551],[-77.07896199999999,38.94551],[-77.0788,38.94551],[-77.078724,38.945434],[-77.0786,38.94531],[-77.0782,38.94451],[-77.0778,38.94401],[-77.077612,38.943446],[-77.0775,38.94311],[-77.077,38.94211],[-77.076729,38.941738],[-77.0762,38.94101],[-77.07539899999999,38.939209999999996],[-77.074499,38.938010999999996]]]}},{"type":"Feature","properties":{"ID":17,"WARD_ID":"01AAFS","POPU":100,"AREA":0.0,"SOC":"UNOCCUPIED"},"geometry":{"type":"Polygon","coordinates":[[[-77.0822,38.953309999999995],[-77.0829,38.95431],[-77.0835,38.955709999999996],[-77.0839,38.95671],[-77.08449999999999,38.957809999999995],[-77.0851,38.95881],[-77.0856,38.95991],[-77.08579999999999,38.960809999999995],[-77.08529999999999,38.96141],[-77.0848,38.96171],[-77.083,38.96291],[-77.0823,38.96351],[-77.0804,38.964909999999996],[-77.0784,38.966609999999996],[-77.0775,38.96721],[-77.0773,38.967009999999995],[-77.07679999999999,38.966809999999995],[-77.0767,38.966409999999996],[-77.07629899999999,38.96581],[-77.076199,38.965509999999995],[-77.075699,38.96461],[-77.075199,38.96371],[-77.074699,38.96281],[-77.073999,38.96171],[-77.073399,38.960609999999996],[-77.072999,38.96001],[-77.072699,38.959309999999995],[-77.072299,38.958709999999996],[-77.071899,38.95801],[-77.071499,38.957209999999996],[-77.071299,38.95681],[-77.070599,38.95561],[-77.069799,38.95431],[-77.06939899999999,38.95391],[-77.069799,38.95341],[-77.069999,38.95281],[-77.070099,38.95171],[-77.071699,38.95151],[-77.072999,38.95151],[-77.073999,38.95151],[-77.07459899999999,38.95101],[-77.074799,38.95071],[-77.075199,38.95031],[-77.075513,38.949926999999995],[-77.075818,38.949554],[-77.0761,38.94921],[-77.077,38.94811],[-77.07759999999999,38.94731],[-77.0778,38.947109999999995],[-77.0783,38.94661],[-77.078634,38.946276999999995],[-77.0788,38.94611],[-77.0792,38.94611],[-77.0795,38.946709999999996],[-77.08,38.94751],[-77.0805,38.948409999999996],[-77.0807,38.94921],[-77.08109999999999,38.95071],[-77.08149999999999,38.951809999999995],[-77.0822,38.95301],[-77.0822,38.953309999999995]]]}},{"type":"Feature","properties":{"ID":18,"WARD_ID":"01AAFT","POPU":100,"AREA":0.0,"SOC":"BLUE"},"geometry":{"type":"Polygon","coordinates":[[[-77.069799,38.95341],[-77.06939899999999,38.95391],[-77.069299,38.95341],[-77.06899899999999,38.95281],[-77.068299,38.95171],[-77.067899,38.95101],[-77.067499,38.95021],[-77.066799,38.94921],[-77.06639899999999,38.94831],[-77.065799,38.94731],[-77.06519899999999,38.94621],[-77.06459,38.945236],[-77.063699,38.94381],[-77.063199,38.94301],[-77.062699,38.94191],[-77.061999,38.940909999999995],[-77.061999,38.940709999999996],[-77.063199,38.940709999999996],[-77.06429899999999,38.94041],[-77.067099,38.940509999999996],[-77.067965,38.940847999999995],[-77.069199,38.94211],[-77.072699,38.94211],[-77.07499899999999,38.94211],[-77.077,38.94211],[-77.0775,38.94311],[-77.077612,38.943446],[-77.0778,38.94401],[-77.0782,38.94451],[-77.0786,38.94531],[-77.078724,38.945434],[-77.0788,38.94551],[-77.079,38.94581],[-77.0792,38.94611],[-77.0788,38.94611],[-77.078634,38.946276999999995],[-77.0783,38.94661],[-77.0778,38.947109999999995],[-77.07759999999999,38.94731],[-77.077,38.94811],[-77.0761,38.94921],[-77.075818,38.949554],[-77.075513,38.949926999999995],[-77.075199,38.95031],[-77.074799,38.95071],[-77.07459899999999,38.95101],[-77.073999,38.95151],[-77.072999,38.95151],[-77.071699,38.95151],[-77.070099,38.95171],[-77.069999,38.95281],[-77.069799,38.95341]]]}},{"type":"Feature","properties":{"ID":19,"WARD_ID":"01AAFU","POPU":50,"AREA":0.0,"SOC":"RED"},"geometry":{"type":"Polygon","coordinates":[[[-77.057999,38.94731],[-77.061799,38.94751],[-77.06429899999999,38.94731],[-77.064799,38.94731],[-77.065799,38.94731],[-77.06639899999999,38.94831],[-77.066799,38.94921],[-77.067499,38.95021],[-77.067899,38.95101],[-77.068299,38.95171],[-77.06899899999999,38.95281],[-77.069299,38.95341],[-77.06939899999999,38.95391],[-77.06939899999999,38.95431],[-77.069199,38.95501],[-77.067799,38.95711],[-77.066199,38.95821],[-77.06519899999999,38.95801],[-77.063599,38.957609999999995],[-77.062299,38.95751],[-77.059299,38.95711],[-77.058399,38.956109999999995],[-77.05739899999999,38.95651],[-77.056099,38.95821],[-77.056299,38.960809999999995],[-77.054299,38.96101],[-77.052899,38.96121],[-77.052599,38.96131],[-77.050399,38.96161],[-77.047699,38.96011],[-77.044899,38.96031],[-77.044499,38.960409999999996],[-77.044099,38.96091],[-77.043499,38.96131],[-77.042399,38.95991],[-77.040999,38.959109999999995],[-77.042699,38.95791],[-77.043399,38.95641],[-77.042699,38.95431],[-77.04499899999999,38.95241],[-77.045399,38.95131],[-77.04759899999999,38.94981],[-77.045799,38.94661],[-77.048399,38.945409999999995],[-77.05019899999999,38.943509999999996],[-77.05059899999999,38.943909999999995],[-77.051599,38.945009999999996],[-77.05189899999999,38.94831],[-77.052148,38.94826],[-77.05439899999999,38.94781],[-77.05489899999999,38.94761],[-77.056699,38.94731],[-77.057999,38.94731]]]}},{"type":"Feature","properties":{"ID":20,"WARD_ID":"01AAFW","POPU":100,"AREA":0.0,"SOC":"BLUE"},"geometry":{"type":"Polygon","coordinates":[[[-77.050699,38.933011],[-77.050899,38.933111],[-77.05149899999999,38.933411],[-77.051699,38.933510999999996],[-77.05189899999999,38.933611],[-77.05269899999999,38.933411],[-77.053299,38.933211],[-77.05489899999999,38.932410999999995],[-77.055199,38.931311],[-77.054799,38.930710999999995],[-77.055899,38.930510999999996],[-77.056399,38.931311],[-77.056899,38.932311],[-77.057599,38.933211],[-77.057799,38.933710999999995],[-77.058599,38.935111],[-77.059399,38.936510999999996],[-77.060299,38.937911],[-77.06089899999999,38.93911],[-77.061999,38.940709999999996],[-77.061999,38.940909999999995],[-77.062699,38.94191],[-77.063199,38.94301],[-77.063699,38.94381],[-77.06459,38.945236],[-77.06519899999999,38.94621],[-77.065799,38.94731],[-77.064799,38.94731],[-77.06429899999999,38.94731],[-77.061799,38.94751],[-77.057999,38.94731],[-77.056699,38.94731],[-77.05489899999999,38.94761],[-77.05439899999999,38.94781],[-77.052148,38.94826],[-77.05189899999999,38.94831],[-77.051599,38.945009999999996],[-77.05059899999999,38.943909999999995],[-77.05019899999999,38.943509999999996],[-77.05189899999999,38.939611],[-77.052399,38.937711],[-77.050299,38.936910999999995],[-77.04849899999999,38.936811],[-77.048199,38.935111],[-77.04929899999999,38.933910999999995],[-77.050699,38.933011]]]}},{"type":"Feature","properties":{"ID":21,"WARD_ID":"01AAFX","POPU":100,"AREA":0.0,"SOC":"RED"},"geometry":{"type":"Polygon","coordinates":[[[-77.063599,38.96371],[-77.063999,38.96331],[-77.064499,38.96291],[-77.066299,38.960809999999995],[-77.069199,38.960809999999995],[-77.070899,38.960809999999995],[-77.073399,38.960609999999996],[-77.073999,38.96171],[-77.074699,38.96281],[-77.075199,38.96371],[-77.075699,38.96461],[-77.076199,38.965509999999995],[-77.07629899999999,38.96581],[-77.0767,38.966409999999996],[-77.07679999999999,38.966809999999995],[-77.0773,38.967009999999995],[-77.0775,38.96721],[-77.077089,38.967569],[-77.0767,38.967909999999996],[-77.075799,38.96861],[-77.074899,38.96931],[-77.074299,38.969609999999996],[-77.073199,38.97041],[-77.07159899999999,38.971309999999995],[-77.07109899999999,38.971109999999996],[-77.070599,38.97031],[-77.070199,38.969609999999996],[-77.069799,38.968509999999995],[-77.069199,38.96751],[-77.068899,38.966609999999996],[-77.068499,38.96561],[-77.066499,38.96561],[-77.063999,38.96561],[-77.062499,38.96561],[-77.061999,38.96561],[-77.062299,38.96521],[-77.062799,38.96461],[-77.06299899999999,38.96441],[-77.063599,38.96371]]]}},{"type":"Feature","properties":{"ID":22,"WARD_ID":"01AAFY","POPU":50,"AREA":0.0,"SOC":"UNOCCUPIED"},"geometry":{"type":"Polygon","coordinates":[[[-77.071299,38.95681],[-77.071499,38.957209999999996],[-77.071899,38.95801],[-77.072299,38.958709999999996],[-77.072699,38.959309999999995],[-77.072999,38.96001],[-77.073399,38.960609999999996],[-77.070899,38.960809999999995],[-77.069199,38.960809999999995],[-77.066299,38.960809999999995],[-77.064499,38.96291],[-77.063999,38.96331],[-77.063599,38.96371],[-77.06299899999999,38.96441],[-77.062799,38.96461],[-77.062299,38.96521],[-77.061999,38.96561],[-77.059099,38.96561],[-77.058799,38.96541],[-77.058399,38.965109999999996],[-77.057699,38.96461],[-77.05749899999999,38.96451],[-77.057199,38.964009999999995],[-77.05619899999999,38.963609999999996],[-77.05619899999999,38.96301],[-77.056299,38.960809999999995],[-77.056099,38.95821],[-77.05739899999999,38.95651],[-77.058399,38.956109999999995],[-77.059299,38.95711],[-77.062299,38.95751],[-77.063599,38.957609999999995],[-77.06519899999999,38.95801],[-77.066199,38.95821],[-77.067799,38.95711],[-77.069199,38.95501],[-77.06939899999999,38.95431],[-77.06939899999999,38.95391],[-77.069799,38.95431],[-77.070599,38.95561],[-77.071299,38.95681]]]}},{"type":"Feature","properties":{"ID":23,"WARD_ID":"01AAGA","POPU":100,"AREA":0.0,"SOC":"BLUE"},"geometry":{"type":"Polygon","coordinates":[[[-77.044099,38.96091],[-77.044499,38.960409999999996],[-77.044899,38.96031],[-77.047699,38.96011],[-77.050399,38.96161],[-77.052599,38.96131],[-77.052899,38.96121],[-77.054299,38.96101],[-77.056299,38.960809999999995],[-77.05619899999999,38.96301],[-77.05619899999999,38.963609999999996],[-77.057199,38.964009999999995],[-77.05749899999999,38.96451],[-77.057699,38.96461],[-77.058399,38.965109999999996],[-77.058799,38.96541],[-77.059099,38.96561],[-77.061999,38.96561],[-77.062499,38.96561],[-77.063999,38.96561],[-77.066499,38.96561],[-77.068499,38.96561],[-77.068899,38.966609999999996],[-77.069199,38.96751],[-77.069799,38.968509999999995],[-77.070199,38.969609999999996],[-77.070599,38.97031],[-77.07109899999999,38.971109999999996],[-77.07159899999999,38.971309999999995],[-77.071299,38.971509999999995],[-77.070499,38.972609999999996],[-77.069699,38.97321],[-77.06939899999999,38.97321],[-77.06911199999999,38.973611],[-77.068899,38.97391],[-77.06689899999999,38.97551],[-77.06599899999999,38.976209999999995],[-77.06519899999999,38.97671],[-77.063999,38.977709999999995],[-77.062699,38.978609999999996],[-77.062399,38.978809999999996],[-77.061199,38.97971],[-77.060999,38.97991],[-77.059799,38.98091],[-77.058499,38.98191],[-77.057199,38.98251],[-77.056499,38.983109999999996],[-77.056099,38.983509999999995],[-77.05569899999999,38.98391],[-77.055099,38.984609999999996],[-77.054299,38.98511],[-77.053099,38.98621],[-77.052499,38.98661],[-77.045999,38.98391],[-77.04249899999999,38.983709999999995],[-77.04029899999999,38.982209999999995],[-77.041699,38.98041],[-77.043199,38.98041],[-77.044499,38.97991],[-77.04379899999999,38.97811],[-77.03989899999999,38.97611],[-77.039699,38.97481],[-77.039399,38.97361],[-77.040099,38.97191],[-77.041799,38.97101],[-77.044099,38.97081],[-77.045199,38.96881],[-77.047499,38.965509999999995],[-77.047299,38.96481],[-77.043499,38.96131],[-77.044099,38.96091]]]}},{"type":"Feature","properties":{"ID":24,"WARD_ID":"01AAGB","POPU":100,"AREA":0.0,"SOC":"RED"},"geometry":{"type":"Polygon","coordinates":[[[-77.039399,38.97361],[-77.039699,38.97481],[-77.03989899999999,38.97611],[-77.04379899999999,38.97811],[-77.044499,38.97991],[-77.043199,38.98041],[-77.041699,38.98041],[-77.04029899999999,38.982209999999995],[-77.04249899999999,38.983709999999995],[-77.045999,38.98391],[-77.052499,38.98661],[-77.046799,38.990809999999996],[-77.04580399999999,38.991577],[-77.042121,38.994416],[-77.04199899999999,38.99451],[-77.040999,38.99511],[-77.03729899999999,38.992909999999995],[-77.036399,38.99181],[-77.036299,38.99171],[-77.036099,38.99151],[-77.03559899999999,38.991209999999995],[-77.03479899999999,38.99061],[-77.033799,38.989909999999995],[-77.033299,38.989509999999996],[-77.032799,38.98911],[-77.032299,38.98851],[-77.030999,38.98771],[-77.02959899999999,38.98661],[-77.028399,38.98571],[-77.027999,38.98531],[-77.026499,38.98421],[-77.026499,38.983509999999995],[-77.026399,38.98241],[-77.026499,38.981609999999996],[-77.026499,38.98101],[-77.026399,38.979009999999995],[-77.026299,38.97811],[-77.026296,38.977837],[-77.02753,38.977947],[-77.029416,38.977849],[-77.03259899999999,38.97781],[-77.033399,38.97741],[-77.03479899999999,38.97611],[-77.035399,38.97551],[-77.036399,38.974509999999995],[-77.036299,38.97271],[-77.036199,38.97191],[-77.037699,38.97191],[-77.037399,38.973009999999995],[-77.039699,38.972609999999996],[-77.039399,38.97361]]]}},{"type":"Feature","properties":{"ID":25,"WARD_ID":"01ABFA","POPU":50,"AREA":0.0,"SOC":"BLUE"},"geometry":{"type":"Polygon","coordinates":[[[-77.026399,38.98241],[-77.026499,38.983509999999995],[-77.026499,38.98421],[-77.025099,38.983109999999996],[-77.024098,38.98241],[-77.023198,38.981609999999996],[-77.02229799999999,38.98101],[-77.02009799999999,38.979209999999995],[-77.01969799999999,38.97891],[-77.01887099999999,38.97826],[-77.018298,38.97781],[-77.01929799999999,38.977709999999995],[-77.020498,38.976209999999995],[-77.021098,38.97551],[-77.02139799999999,38.97481],[-77.021898,38.97441],[-77.022098,38.97391],[-77.02269799999999,38.97321],[-77.023698,38.97191],[-77.024498,38.97101],[-77.02439799999999,38.97081],[-77.025098,38.970009999999995],[-77.025498,38.969409999999996],[-77.027399,38.969609999999996],[-77.027315,38.970197999999996],[-77.027199,38.97101],[-77.02709899999999,38.97201],[-77.026699,38.97321],[-77.026699,38.97361],[-77.02659899999999,38.97541],[-77.026499,38.97631],[-77.026299,38.97701],[-77.026297,38.977637],[-77.026296,38.977837],[-77.026299,38.97811],[-77.026399,38.979009999999995],[-77.026499,38.98101],[-77.026499,38.981609999999996],[-77.026399,38.98241]]]}},{"type":"Feature","properties":{"ID":26,"WARD_ID":"01ABFB","POPU":100,"AREA":0.0,"SOC":"RED"},"geometry":{"type":"Polygon","coordinates":[[[-77.008867,38.970535999999996],[-77.008298,38.97011],[-77.009098,38.969609999999996],[-77.009098,38.96871],[-77.009098,38.96781],[-77.009098,38.96691],[-77.00899799999999,38.96611],[-77.009098,38.96451],[-77.008898,38.96431],[-77.009498,38.96351],[-77.01289799999999,38.96671],[-77.01369799999999,38.967909999999996],[-77.014698,38.969609999999996],[-77.01499799999999,38.969409999999996],[-77.01629799999999,38.969409999999996],[-77.018098,38.969409999999996],[-77.019898,38.969409999999996],[-77.021098,38.969409999999996],[-77.02139799999999,38.969409999999996],[-77.022398,38.969409999999996],[-77.023398,38.969409999999996],[-77.024298,38.969409999999996],[-77.025498,38.969409999999996],[-77.025098,38.970009999999995],[-77.02439799999999,38.97081],[-77.024498,38.97101],[-77.023698,38.97191],[-77.02269799999999,38.97321],[-77.022098,38.97391],[-77.021898,38.97441],[-77.02139799999999,38.97481],[-77.021098,38.97551],[-77.020498,38.976209999999995],[-77.01929799999999,38.977709999999995],[-77.018298,38.97781],[-77.017198,38.97701],[-77.015598,38.97591],[-77.014498,38.97501],[-77.013798,38.97441],[-77.01329799999999,38.97401],[-77.01279799999999,38.97361],[-77.010898,38.97211],[-77.00989799999999,38.971309999999995],[-77.008867,38.970535999999996]]]}},{"type":"Feature","properties":{"ID":27,"WARD_ID":"01ABFC","POPU":100,"AREA":0.0,"SOC":"UNOCCUPIED"},"geometry":{"type":"Polygon","coordinates":[[[-77.036399,38.974509999999995],[-77.035399,38.97551],[-77.03479899999999,38.97611],[-77.033399,38.97741],[-77.03259899999999,38.97781],[-77.029416,38.977849],[-77.02753,38.977947],[-77.026296,38.977837],[-77.026297,38.977637],[-77.026299,38.97701],[-77.026499,38.97631],[-77.02659899999999,38.97541],[-77.026699,38.97361],[-77.026699,38.97321],[-77.02709899999999,38.97201],[-77.027999,38.97191],[-77.028499,38.97191],[-77.029799,38.97191],[-77.031099,38.97171],[-77.032099,38.97201],[-77.033299,38.97201],[-77.036199,38.97191],[-77.036299,38.97271],[-77.036399,38.974509999999995]]]}},{"type":"Feature","properties":{"ID":28,"WARD_ID":"01ABFD","POPU":50,"AREA":0.0,"SOC":"BLUE"},"geometry":{"type":"Polygon","coordinates":[[[-77.033299,38.96731],[-77.033299,38.966609999999996],[-77.033299,38.96591],[-77.033299,38.96521],[-77.033399,38.96371],[-77.033399,38.96291],[-77.033399,38.96141],[-77.034599,38.96171],[-77.03649899999999,38.962309999999995],[-77.038099,38.96261],[-77.04029899999999,38.96251],[-77.043499,38.96131],[-77.047299,38.96481],[-77.047499,38.965509999999995],[-77.045199,38.96881],[-77.044099,38.97081],[-77.041799,38.97101],[-77.040099,38.97191],[-77.039399,38.97361],[-77.039699,38.972609999999996],[-77.037399,38.973009999999995],[-77.037699,38.97191],[-77.036199,38.97191],[-77.033299,38.97201],[-77.033399,38.97121],[-77.033299,38.97051],[-77.033299,38.96971],[-77.033199,38.96881],[-77.033199,38.968109999999996],[-77.033299,38.96731]]]}},{"type":"Feature","properties":{"ID":29,"WARD_ID":"01ABFE","POPU":100,"AREA":0.0,"SOC":"RED"},"geometry":{"type":"Polygon","coordinates":[[[-77.033199,38.96881],[-77.033299,38.96971],[-77.033299,38.97051],[-77.033399,38.97121],[-77.033299,38.97201],[-77.032099,38.97201],[-77.031099,38.97171],[-77.029799,38.97191],[-77.028499,38.97191],[-77.027999,38.97191],[-77.02709899999999,38.97201],[-77.027199,38.97101],[-77.027315,38.970197999999996],[-77.027399,38.969609999999996],[-77.027399,38.96861],[-77.027399,38.96821],[-77.02749899999999,38.967909999999996],[-77.02749899999999,38.96721],[-77.02749899999999,38.966809999999995],[-77.02749899999999,38.96561],[-77.027799,38.96441],[-77.02789899999999,38.96331],[-77.02789899999999,38.962109999999996],[-77.028099,38.96091],[-77.028599,38.96091],[-77.029799,38.96101],[-77.031499,38.96111],[-77.033399,38.96141],[-77.033399,38.96291],[-77.033399,38.96371],[-77.033299,38.96521],[-77.033299,38.96591],[-77.033299,38.966609999999996],[-77.033299,38.96731],[-77.033199,38.968109999999996],[-77.033199,38.96881]]]}},{"type":"Feature","properties":{"ID":30,"WARD_ID":"01ABFF","POPU":100,"AREA":0.0,"SOC":"BLUE"},"geometry":{"type":"Polygon","coordinates":[[[-77.027399,38.96821],[-77.027399,38.96861],[-77.027399,38.969609999999996],[-77.025498,38.969409999999996],[-77.024298,38.969409999999996],[-77.023398,38.969409999999996],[-77.022398,38.969409999999996],[-77.02139799999999,38.969409999999996],[-77.021098,38.969409999999996],[-77.019898,38.969409999999996],[-77.019798,38.96821],[-77.019898,38.96691],[-77.019898,38.96621],[-77.019898,38.96581],[-77.019898,38.96521],[-77.019898,38.96461],[-77.019898,38.964009999999995],[-77.019898,38.96331],[-77.019898,38.96291],[-77.019898,38.96221],[-77.019898,38.96161],[-77.019898,38.96091],[-77.019898,38.95971],[-77.019898,38.959109999999995],[-77.019898,38.95831],[-77.021098,38.95821],[-77.022498,38.958709999999996],[-77.024198,38.959109999999995],[-77.025598,38.95971],[-77.025998,38.95971],[-77.028099,38.96051],[-77.028099,38.96091],[-77.02789899999999,38.962109999999996],[-77.02789899999999,38.96331],[-77.027799,38.96441],[-77.02749899999999,38.96561],[-77.02749899999999,38.966809999999995],[-77.02749899999999,38.96721],[-77.02749899999999,38.967909999999996],[-77.027399,38.96821]]]}},{"type":"Feature","properties":{"ID":31,"WARD_ID":"01ABFG","POPU":50,"AREA":0.0,"SOC":"RED"},"geometry":{"type":"Polygon","coordinates":[[[-77.019898,38.959109999999995],[-77.019898,38.95971],[-77.019898,38.96091],[-77.019898,38.96161],[-77.019898,38.96221],[-77.019898,38.96291],[-77.019898,38.96331],[-77.019898,38.964009999999995],[-77.019898,38.96461],[-77.019898,38.96521],[-77.019898,38.96581],[-77.019898,38.96621],[-77.019898,38.96691],[-77.019798,38.96821],[-77.019898,38.969409999999996],[-77.018098,38.969409999999996],[-77.01629799999999,38.969409999999996],[-77.01499799999999,38.969409999999996],[-77.014698,38.969609999999996],[-77.01369799999999,38.967909999999996],[-77.01289799999999,38.96671],[-77.009498,38.96351],[-77.010398,38.96241],[-77.010598,38.96201],[-77.009798,38.96101],[-77.009198,38.95981],[-77.011498,38.95971],[-77.01239799999999,38.95971],[-77.013398,38.95831],[-77.015098,38.95821],[-77.016098,38.95821],[-77.01709799999999,38.95821],[-77.018098,38.95831],[-77.019898,38.95831],[-77.019898,38.959109999999995]]]}},{"type":"Feature","properties":{"ID":32,"WARD_ID":"01ABFH","POPU":100,"AREA":0.0,"SOC":"UNOCCUPIED"},"geometry":{"type":"Polygon","coordinates":[[[-77.031499,38.96111],[-77.029799,38.96101],[-77.028599,38.96091],[-77.029799,38.95971],[-77.03049899999999,38.959109999999995],[-77.030599,38.95881],[-77.031699,38.95791],[-77.03259899999999,38.95671],[-77.03349899999999,38.955709999999996],[-77.035099,38.95341],[-77.036099,38.95251],[-77.03649899999999,38.95201],[-77.036475,38.952470999999996],[-77.036451,38.952933],[-77.036299,38.955909999999996],[-77.03949899999999,38.95641],[-77.039199,38.958909999999996],[-77.038699,38.95951],[-77.039699,38.95981],[-77.04119899999999,38.96051],[-77.041699,38.960609999999996],[-77.041799,38.960409999999996],[-77.042399,38.95991],[-77.043499,38.96131],[-77.04029899999999,38.96251],[-77.038099,38.96261],[-77.03649899999999,38.962309999999995],[-77.034599,38.96171],[-77.033399,38.96141],[-77.031499,38.96111]]]}},{"type":"Feature","properties":{"ID":33,"WARD_ID":"01ABFJ","POPU":100,"AREA":0.0,"SOC":"BLUE"},"geometry":{"type":"Polygon","coordinates":[[[-77.029799,38.94601],[-77.030799,38.94661],[-77.031899,38.94761],[-77.032799,38.94761],[-77.034599,38.94761],[-77.035499,38.94761],[-77.03649899999999,38.94771],[-77.03649899999999,38.94911],[-77.03649899999999,38.95001],[-77.036599,38.95031],[-77.03649899999999,38.95131],[-77.03649899999999,38.95201],[-77.036099,38.95251],[-77.035099,38.95341],[-77.03349899999999,38.955709999999996],[-77.03259899999999,38.95671],[-77.031699,38.95791],[-77.030599,38.95881],[-77.03049899999999,38.959109999999995],[-77.029799,38.95971],[-77.028599,38.96091],[-77.028099,38.96091],[-77.028099,38.96051],[-77.02829899999999,38.95791],[-77.02829899999999,38.95691],[-77.028199,38.955709999999996],[-77.027998,38.954609999999995],[-77.027898,38.95361],[-77.027698,38.95241],[-77.027498,38.951409999999996],[-77.027498,38.95091],[-77.02739799999999,38.95031],[-77.027298,38.94921],[-77.027198,38.94851],[-77.027098,38.94771],[-77.026898,38.946709999999996],[-77.026898,38.945609999999995],[-77.02959899999999,38.945409999999995],[-77.029799,38.94601]]]}},{"type":"Feature","properties":{"ID":34,"WARD_ID":"01ABFK","POPU":50,"AREA":0.0,"SOC":"RED"},"geometry":{"type":"Polygon","coordinates":[[[-77.019898,38.95701],[-77.019998,38.95601],[-77.019898,38.95491],[-77.019898,38.95381],[-77.019798,38.952709999999996],[-77.019798,38.95151],[-77.022098,38.95151],[-77.02309799999999,38.95151],[-77.023898,38.95151],[-77.02479799999999,38.95151],[-77.025798,38.951409999999996],[-77.027498,38.951409999999996],[-77.027698,38.95241],[-77.027898,38.95361],[-77.027998,38.954609999999995],[-77.028199,38.955709999999996],[-77.02829899999999,38.95691],[-77.02829899999999,38.95791],[-77.028099,38.96051],[-77.025998,38.95971],[-77.025598,38.95971],[-77.024198,38.959109999999995],[-77.022498,38.958709999999996],[-77.021098,38.95821],[-77.019898,38.95831],[-77.019898,38.957809999999995],[-77.019998,38.957209999999996],[-77.019898,38.95701]]]}},{"type":"Feature","properties":{"ID":35,"WARD_ID":"01ABFL","POPU":100,"AREA":0.0,"SOC":"BLUE"},"geometry":{"type":"Polygon","coordinates":[[[-77.00899799999999,38.95821],[-77.00899799999999,38.957209999999996],[-77.00899799999999,38.95661],[-77.00899799999999,38.956109999999995],[-77.00899799999999,38.955709999999996],[-77.00899799999999,38.95521],[-77.00899799999999,38.954409999999996],[-77.00899799999999,38.954209999999996],[-77.008898,38.95301],[-77.008898,38.95201],[-77.010598,38.95191],[-77.011398,38.95191],[-77.012498,38.951809999999995],[-77.013498,38.95191],[-77.01589799999999,38.951809999999995],[-77.01759799999999,38.95171],[-77.018498,38.95151],[-77.019798,38.95151],[-77.019798,38.952709999999996],[-77.019898,38.95381],[-77.019898,38.95491],[-77.019998,38.95601],[-77.019898,38.95701],[-77.019998,38.957209999999996],[-77.019898,38.957809999999995],[-77.019898,38.95831],[-77.018098,38.95831],[-77.01709799999999,38.95821],[-77.016098,38.95821],[-77.015098,38.95821],[-77.013398,38.95831],[-77.01239799999999,38.95971],[-77.011498,38.95971],[-77.009198,38.95981],[-77.00899799999999,38.959309999999995],[-77.00899799999999,38.959109999999995],[-77.00899799999999,38.95821]]]}},{"type":"Feature","properties":{"ID":36,"WARD_ID":"01ABFM","POPU":100,"AREA":0.0,"SOC":"RED"},"geometry":{"type":"Polygon","coordinates":[[[-77.021298,38.94581],[-77.022098,38.94571],[-77.022898,38.94571],[-77.023898,38.94571],[-77.025498,38.94571],[-77.026898,38.945609999999995],[-77.026898,38.946709999999996],[-77.027098,38.94771],[-77.027198,38.94851],[-77.027298,38.94921],[-77.02739799999999,38.95031],[-77.027498,38.95091],[-77.027498,38.951409999999996],[-77.025798,38.951409999999996],[-77.02479799999999,38.95151],[-77.023898,38.95151],[-77.02309799999999,38.95151],[-77.022098,38.95151],[-77.019798,38.95151],[-77.019798,38.95051],[-77.019798,38.95001],[-77.01969799999999,38.94941],[-77.01969799999999,38.94871],[-77.01969799999999,38.94791],[-77.01969799999999,38.946909999999995],[-77.01969799999999,38.94581],[-77.021298,38.94581]]]}},{"type":"Feature","properties":{"ID":37,"WARD_ID":"01ABFN","POPU":50,"AREA":0.0,"SOC":"UNOCCUPIED"},"geometry":{"type":"Polygon","coordinates":[[[-77.01969799999999,38.94581],[-77.01969799999999,38.946909999999995],[-77.01969799999999,38.94791],[-77.01969799999999,38.94871],[-77.01969799999999,38.94941],[-77.019798,38.95001],[-77.019798,38.95051],[-77.019798,38.95151],[-77.018498,38.95151],[-77.01759799999999,38.95171],[-77.01589799999999,38.951809999999995],[-77.013498,38.95191],[-77.012498,38.951809999999995],[-77.011398,38.95191],[-77.010598,38.95191],[-77.008898,38.95201],[-77.008898,38.95051],[-77.008798,38.95001],[-77.008772,38.949411999999995],[-77.008698,38.94771],[-77.008698,38.94701],[-77.008698,38.94661],[-77.009198,38.945609999999995],[-77.010898,38.94471],[-77.011398,38.94441],[-77.012598,38.94431],[-77.014698,38.945009999999996],[-77.016098,38.94591],[-77.01709799999999,38.94591],[-77.017498,38.94581],[-77.01969799999999,38.94581]]]}},{"type":"Feature","properties":{"ID":38,"WARD_ID":"01ABFP","POPU":100,"AREA":0.0,"SOC":"BLUE"},"geometry":{"type":"Polygon","coordinates":[[[-77.017498,38.937810999999996],[-77.019098,38.937411],[-77.019098,38.937711],[-77.01929799999999,38.938811],[-77.01929799999999,38.939811],[-77.01929799999999,38.940911],[-77.019398,38.941911],[-77.019398,38.94251],[-77.019798,38.942609999999995],[-77.02009799999999,38.94311],[-77.019798,38.943509999999996],[-77.019398,38.943709999999996],[-77.019498,38.944109999999995],[-77.019598,38.94491],[-77.01969799999999,38.94581],[-77.017498,38.94581],[-77.01709799999999,38.94591],[-77.016098,38.94591],[-77.014698,38.945009999999996],[-77.012598,38.94431],[-77.011398,38.94441],[-77.012298,38.94311],[-77.013198,38.942111],[-77.014298,38.941111],[-77.01499799999999,38.940111],[-77.015198,38.939811],[-77.016198,38.938811],[-77.01669799999999,38.938711],[-77.01709799999999,38.938311],[-77.017498,38.937810999999996]]]}},{"type":"Feature","properties":{"ID":39,"WARD_ID":"01ABFQ","POPU":100,"AREA":0.0,"SOC":"RED"},"geometry":{"type":"Polygon","coordinates":[[[-77.018498,38.932010999999996],[-77.018698,38.932711],[-77.019098,38.933510999999996],[-77.019098,38.934211],[-77.01929799999999,38.935111],[-77.01929799999999,38.935711],[-77.019098,38.936411],[-77.019098,38.936811],[-77.019098,38.937411],[-77.017498,38.937810999999996],[-77.01709799999999,38.938311],[-77.01669799999999,38.938711],[-77.016198,38.938811],[-77.015198,38.939811],[-77.01499799999999,38.940111],[-77.014298,38.941111],[-77.013198,38.942111],[-77.012298,38.94311],[-77.011398,38.94441],[-77.010898,38.94471],[-77.008498,38.942910999999995],[-77.007498,38.942211],[-77.006498,38.937411],[-77.006298,38.936611],[-77.005898,38.936710999999995],[-77.00559799999999,38.936710999999995],[-77.00219799999999,38.937311],[-77.00219899999999,38.93731],[-77.00169799999999,38.934511],[-77.00129799999999,38.931911],[-77.000698,38.931311],[-77.001198,38.931211],[-77.001898,38.930910999999995],[-77.002433,38.930394],[-77.004312,38.92858],[-77.004798,38.928111],[-77.00559799999999,38.927510999999996],[-77.006098,38.927111],[-77.006798,38.926911],[-77.00733199999999,38.926840999999996],[-77.008079,38.926744],[-77.009098,38.926611],[-77.012198,38.926210999999995],[-77.01369799999999,38.926210999999995],[-77.016498,38.927310999999996],[-77.01759799999999,38.928011],[-77.017898,38.928711],[-77.01799799999999,38.929010999999996],[-77.018198,38.929611],[-77.01839799999999,38.930411],[-77.018598,38.931311],[-77.018498,38.932010999999996]]]}},{"type":"Feature","properties":{"ID":40,"WARD_ID":"01ABFR","POPU":50,"AREA":0.0,"SOC":"BLUE"},"geometry":{"type":"Polygon","coordinates":[[[-77.01929799999999,38.938811],[-77.019098,38.937711],[-77.019098,38.937411],[-77.019798,38.937211],[-77.02139799999999,38.936910999999995],[-77.02309799999999,38.936611],[-77.02439799999999,38.936411],[-77.024598,38.937411],[-77.024698,38.938611],[-77.025098,38.939811],[-77.025098,38.940111],[-77.025198,38.940811],[-77.025798,38.941611],[-77.025898,38.94211],[-77.025998,38.94291],[-77.026298,38.943909999999995],[-77.02649799999999,38.94451],[-77.026898,38.945609999999995],[-77.025498,38.94571],[-77.023898,38.94571],[-77.022898,38.94571],[-77.022098,38.94571],[-77.021298,38.94581],[-77.01969799999999,38.94581],[-77.019598,38.94491],[-77.019498,38.944109999999995],[-77.019398,38.943709999999996],[-77.019798,38.943509999999996],[-77.02009799999999,38.94311],[-77.019798,38.942609999999995],[-77.019398,38.94251],[-77.019398,38.941911],[-77.01929799999999,38.940911],[-77.01929799999999,38.939811],[-77.01929799999999,38.938811]]]}},{"type":"Feature","properties":{"ID":41,"WARD_ID":"01ABFS","POPU":100,"AREA":0.0,"SOC":"RED"},"geometry":{"type":"Polygon","coordinates":[[[-77.03649899999999,38.94271],[-77.036599,38.94381],[-77.03649899999999,38.94441],[-77.036599,38.945409999999995],[-77.03649899999999,38.946709999999996],[-77.03649899999999,38.94771],[-77.035499,38.94761],[-77.034599,38.94761],[-77.032799,38.94761],[-77.031899,38.94761],[-77.030799,38.94661],[-77.029799,38.94601],[-77.02959899999999,38.945409999999995],[-77.026898,38.945609999999995],[-77.02649799999999,38.94451],[-77.026298,38.943909999999995],[-77.025998,38.94291],[-77.025898,38.94211],[-77.025798,38.941611],[-77.026198,38.941611],[-77.029799,38.94181],[-77.032299,38.94161],[-77.03299899999999,38.94161],[-77.034399,38.94161],[-77.036599,38.94161],[-77.03649899999999,38.94271]]]}},{"type":"Feature","properties":{"ID":42,"WARD_ID":"01ABFT","POPU":100,"AREA":0.0,"SOC":"UNOCCUPIED"},"geometry":{"type":"Polygon","coordinates":[[[-77.029799,38.94181],[-77.026198,38.941611],[-77.025798,38.941611],[-77.025198,38.940811],[-77.025098,38.940111],[-77.025098,38.939811],[-77.024698,38.938611],[-77.024598,38.937411],[-77.02439799999999,38.936411],[-77.025398,38.935010999999996],[-77.02609799999999,38.935111],[-77.027298,38.935511],[-77.02869799999999,38.935911],[-77.029798,38.936310999999996],[-77.030198,38.936310999999996],[-77.031199,38.936510999999996],[-77.032799,38.936910999999995],[-77.033858,38.937138],[-77.034199,38.937211],[-77.035699,38.937411],[-77.036599,38.937411],[-77.036599,38.937611],[-77.036599,38.938010999999996],[-77.036599,38.939111],[-77.036599,38.939510999999996],[-77.036599,38.940611],[-77.036599,38.94161],[-77.034399,38.94161],[-77.03299899999999,38.94161],[-77.032299,38.94161],[-77.029799,38.94181]]]}},{"type":"Feature","properties":{"ID":43,"WARD_ID":"01ABFU","POPU":50,"AREA":0.0,"SOC":"BLUE"},"geometry":{"type":"Polygon","coordinates":[[[-77.036451,38.952933],[-77.036475,38.952470999999996],[-77.03649899999999,38.95201],[-77.03649899999999,38.95131],[-77.036599,38.95031],[-77.03649899999999,38.95001],[-77.03649899999999,38.94911],[-77.03649899999999,38.94771],[-77.03649899999999,38.946709999999996],[-77.036599,38.945409999999995],[-77.03649899999999,38.94441],[-77.036599,38.94381],[-77.03649899999999,38.94271],[-77.036599,38.94161],[-77.036599,38.940611],[-77.036599,38.939510999999996],[-77.036599,38.939111],[-77.036599,38.938010999999996],[-77.038899,38.937011],[-77.04119899999999,38.936011],[-77.045799,38.935511],[-77.04759899999999,38.935010999999996],[-77.04849899999999,38.933910999999995],[-77.05019899999999,38.932911],[-77.050699,38.933011],[-77.04929899999999,38.933910999999995],[-77.048199,38.935111],[-77.04849899999999,38.936811],[-77.050299,38.936910999999995],[-77.052399,38.937711],[-77.05189899999999,38.939611],[-77.05019899999999,38.943509999999996],[-77.048399,38.945409999999995],[-77.045799,38.94661],[-77.04759899999999,38.94981],[-77.045399,38.95131],[-77.04499899999999,38.95241],[-77.042699,38.95431],[-77.043399,38.95641],[-77.042699,38.95791],[-77.040999,38.959109999999995],[-77.042399,38.95991],[-77.041799,38.960409999999996],[-77.041699,38.960609999999996],[-77.04119899999999,38.96051],[-77.039699,38.95981],[-77.038699,38.95951],[-77.039199,38.958909999999996],[-77.03949899999999,38.95641],[-77.036299,38.955909999999996],[-77.036451,38.952933]]]}},{"type":"Feature","properties":{"ID":44,"WARD_ID":"01ABFW","POPU":100,"AREA":0.0,"SOC":"RED"},"geometry":{"type":"Polygon","coordinates":[[[-77.038899,38.932311],[-77.039999,38.932311],[-77.041399,38.932111],[-77.044399,38.932511],[-77.04549899999999,38.933111],[-77.04669899999999,38.932611],[-77.046899,38.932410999999995],[-77.047299,38.932410999999995],[-77.05019899999999,38.932911],[-77.04849899999999,38.933910999999995],[-77.04759899999999,38.935010999999996],[-77.045799,38.935511],[-77.04119899999999,38.936011],[-77.038899,38.937011],[-77.036599,38.938010999999996],[-77.036599,38.937611],[-77.036599,38.937411],[-77.036599,38.936611],[-77.03649899999999,38.934611],[-77.036599,38.934211],[-77.03649899999999,38.933011],[-77.03649899999999,38.932311],[-77.03649899999999,38.931311],[-77.038899,38.932311]]]}},{"type":"Feature","properties":{"ID":45,"WARD_ID":"01ABFX","POPU":100,"AREA":0.0,"SOC":"BLUE"},"geometry":{"type":"Polygon","coordinates":[[[-77.03649899999999,38.928911],[-77.036399,38.928211],[-77.03649899999999,38.927011],[-77.037399,38.926811],[-77.039099,38.927111],[-77.041099,38.927111],[-77.041899,38.927111],[-77.042399,38.927510999999996],[-77.043499,38.927510999999996],[-77.043999,38.927411],[-77.044286,38.927363],[-77.04459899999999,38.927310999999996],[-77.046199,38.930211],[-77.048799,38.931810999999996],[-77.050799,38.932111],[-77.050699,38.933011],[-77.05019899999999,38.932911],[-77.047299,38.932410999999995],[-77.046899,38.932410999999995],[-77.04669899999999,38.932611],[-77.04549899999999,38.933111],[-77.044399,38.932511],[-77.041399,38.932111],[-77.039999,38.932311],[-77.038899,38.932311],[-77.03649899999999,38.931311],[-77.03649899999999,38.930411],[-77.03649899999999,38.930211],[-77.036399,38.929611],[-77.03649899999999,38.928911]]]}},{"type":"Feature","properties":{"ID":46,"WARD_ID":"01ABFY","POPU":50,"AREA":0.0,"SOC":"RED"},"geometry":{"type":"Polygon","coordinates":[[[-77.032799,38.933710999999995],[-77.03299899999999,38.933211],[-77.032799,38.933011],[-77.03299899999999,38.932410999999995],[-77.03299899999999,38.931611],[-77.03649899999999,38.933011],[-77.036599,38.934211],[-77.03649899999999,38.934611],[-77.036599,38.936611],[-77.036599,38.937411],[-77.035699,38.937411],[-77.034199,38.937211],[-77.033858,38.937138],[-77.032799,38.936910999999995],[-77.03299899999999,38.936011],[-77.03299899999999,38.935410999999995],[-77.03309899999999,38.935111],[-77.03309899999999,38.934711],[-77.03299899999999,38.934411],[-77.03309899999999,38.933910999999995],[-77.032799,38.933710999999995]]]}},{"type":"Feature","properties":{"ID":47,"WARD_ID":"01ABFZ","POPU":100,"AREA":0.0,"SOC":"UNOCCUPIED"},"geometry":{"type":"Polygon","coordinates":[[[-77.03649899999999,38.930411],[-77.03649899999999,38.931311],[-77.03649899999999,38.932311],[-77.03649899999999,38.933011],[-77.03299899999999,38.931611],[-77.03299899999999,38.931311],[-77.032699,38.930910999999995],[-77.032699,38.930310999999996],[-77.032699,38.929911],[-77.03259899999999,38.929611],[-77.032799,38.928411],[-77.032799,38.927411],[-77.032699,38.926611],[-77.032699,38.926411],[-77.033299,38.926411],[-77.035399,38.926311],[-77.036399,38.926210999999995],[-77.036399,38.926611],[-77.03649899999999,38.927011],[-77.036399,38.928211],[-77.03649899999999,38.928911],[-77.036399,38.929611],[-77.03649899999999,38.930211],[-77.03649899999999,38.930411]]]}},{"type":"Feature","properties":{"ID":48,"WARD_ID":"01ABGA","POPU":100,"AREA":0.0,"SOC":"BLUE"},"geometry":{"type":"Polygon","coordinates":[[[-77.031199,38.930910999999995],[-77.032499,38.930310999999996],[-77.032699,38.930310999999996],[-77.032699,38.930910999999995],[-77.03299899999999,38.931311],[-77.03299899999999,38.931611],[-77.03299899999999,38.932410999999995],[-77.032799,38.933011],[-77.03299899999999,38.933211],[-77.032799,38.933710999999995],[-77.03309899999999,38.933910999999995],[-77.03299899999999,38.934411],[-77.03309899999999,38.934711],[-77.03309899999999,38.935111],[-77.03299899999999,38.935410999999995],[-77.03299899999999,38.936011],[-77.032799,38.936910999999995],[-77.031199,38.936510999999996],[-77.030198,38.936310999999996],[-77.029798,38.936310999999996],[-77.02869799999999,38.935911],[-77.027298,38.935511],[-77.02609799999999,38.935111],[-77.025398,38.935010999999996],[-77.02609799999999,38.934011],[-77.026298,38.933611],[-77.026398,38.933411],[-77.027098,38.932611],[-77.027698,38.932010999999996],[-77.028598,38.931711],[-77.029798,38.931211],[-77.031199,38.930910999999995]]]}},{"type":"Feature","properties":{"ID":49,"WARD_ID":"01ABGB","POPU":50,"AREA":0.0,"SOC":"RED"},"geometry":{"type":"Polygon","coordinates":[[[-77.032799,38.927411],[-77.032799,38.928411],[-77.03259899999999,38.929611],[-77.032699,38.929911],[-77.032699,38.930310999999996],[-77.032499,38.930310999999996],[-77.031199,38.930910999999995],[-77.029798,38.931211],[-77.028598,38.931711],[-77.028198,38.930710999999995],[-77.027898,38.929611],[-77.027698,38.928511],[-77.02739799999999,38.927510999999996],[-77.027298,38.926611],[-77.029798,38.926611],[-77.032699,38.926611],[-77.032799,38.927411]]]}},{"type":"Feature","properties":{"ID":50,"WARD_ID":"01ABGC","POPU":100,"AREA":0.0,"SOC":"BLUE"},"geometry":{"type":"Polygon","coordinates":[[[-77.02439799999999,38.936411],[-77.024298,38.935811],[-77.024198,38.935111],[-77.024098,38.934511],[-77.024198,38.934111],[-77.024098,38.933811],[-77.024098,38.933510999999996],[-77.02399799999999,38.933111],[-77.023898,38.932711],[-77.023898,38.932010999999996],[-77.02359799999999,38.931111],[-77.02359799999999,38.930611],[-77.023498,38.930011],[-77.023398,38.929711],[-77.023198,38.929010999999996],[-77.023298,38.928911],[-77.023198,38.928011],[-77.02309799999999,38.927710999999995],[-77.02309799999999,38.927510999999996],[-77.02309799999999,38.927111],[-77.023198,38.926911],[-77.026198,38.926711],[-77.027298,38.926611],[-77.02739799999999,38.927510999999996],[-77.027698,38.928511],[-77.027898,38.929611],[-77.028198,38.930710999999995],[-77.028598,38.931711],[-77.027698,38.932010999999996],[-77.027098,38.932611],[-77.026398,38.933411],[-77.026298,38.933611],[-77.02609799999999,38.934011],[-77.025398,38.935010999999996],[-77.02439799999999,38.936411]]]}},{"type":"Feature","properties":{"ID":51,"WARD_ID":"01ACFA","POPU":100,"AREA":0.0,"SOC":"RED"},"geometry":{"type":"Polygon","coordinates":[[[-77.019798,38.937211],[-77.019098,38.937411],[-77.019098,38.936811],[-77.019098,38.936411],[-77.01929799999999,38.935711],[-77.01929799999999,38.935111],[-77.019098,38.934211],[-77.019098,38.933510999999996],[-77.018698,38.932711],[-77.018498,38.932010999999996],[-77.018598,38.931311],[-77.01839799999999,38.930411],[-77.018198,38.929611],[-77.01799799999999,38.929010999999996],[-77.017898,38.928711],[-77.01759799999999,38.928011],[-77.01879799999999,38.928011],[-77.019398,38.927911],[-77.019998,38.928011],[-77.02059799999999,38.927911],[-77.020498,38.927310999999996],[-77.021898,38.927310999999996],[-77.02309799999999,38.927111],[-77.02309799999999,38.927510999999996],[-77.02309799999999,38.927710999999995],[-77.023198,38.928011],[-77.023298,38.928911],[-77.023198,38.929010999999996],[-77.023398,38.929711],[-77.023498,38.930011],[-77.02359799999999,38.930611],[-77.02359799999999,38.931111],[-77.023898,38.932010999999996],[-77.023898,38.932711],[-77.02399799999999,38.933111],[-77.024098,38.933510999999996],[-77.024098,38.933811],[-77.024198,38.934111],[-77.024098,38.934511],[-77.024198,38.935111],[-77.024298,38.935811],[-77.02439799999999,38.936411],[-77.02309799999999,38.936611],[-77.02139799999999,38.936910999999995],[-77.019798,38.937211]]]}},{"type":"Feature","properties":{"ID":52,"WARD_ID":"01ACFB","POPU":50,"AREA":0.0,"SOC":"UNOCCUPIED"},"geometry":{"type":"Polygon","coordinates":[[[-77.012198,38.926210999999995],[-77.009098,38.926611],[-77.009098,38.925711],[-77.009098,38.925011],[-77.009098,38.924411],[-77.009098,38.923511],[-77.009198,38.922211],[-77.009098,38.921211],[-77.009198,38.920111],[-77.009098,38.919111],[-77.009098,38.918011],[-77.00899799999999,38.917010999999995],[-77.009098,38.916711],[-77.012198,38.915711],[-77.012698,38.915510999999995],[-77.014298,38.914911],[-77.014298,38.915510999999995],[-77.014498,38.915811],[-77.014498,38.916211],[-77.014698,38.916810999999996],[-77.014698,38.917511],[-77.014798,38.917911],[-77.01481199999999,38.917995],[-77.014898,38.918510999999995],[-77.014898,38.919011],[-77.01499799999999,38.919511],[-77.01499799999999,38.920210999999995],[-77.01499799999999,38.920611],[-77.012198,38.921211],[-77.012298,38.922311],[-77.012298,38.923311],[-77.012198,38.926210999999995]]]}},{"type":"Feature","properties":{"ID":53,"WARD_ID":"01ACFC","POPU":100,"AREA":0.0,"SOC":"BLUE"},"geometry":{"type":"Polygon","coordinates":[[[-77.009098,38.913911],[-77.009098,38.913211],[-77.009098,38.912611],[-77.009098,38.911711],[-77.009098,38.911111],[-77.00899799999999,38.911010999999995],[-77.00899799999999,38.910711],[-77.00989799999999,38.911010999999995],[-77.011498,38.911711],[-77.012198,38.912110999999996],[-77.013498,38.912611],[-77.013998,38.912811],[-77.01409799999999,38.913311],[-77.014198,38.913911],[-77.014398,38.914711],[-77.014298,38.914911],[-77.012698,38.915510999999995],[-77.012198,38.915711],[-77.009098,38.916711],[-77.009098,38.916111],[-77.009098,38.915510999999995],[-77.009098,38.914711],[-77.009098,38.913911]]]}},{"type":"Feature","properties":{"ID":54,"WARD_ID":"01ACFD","POPU":100,"AREA":0.0,"SOC":"RED"},"geometry":{"type":"Polygon","coordinates":[[[-77.023198,38.926911],[-77.02309799999999,38.927111],[-77.021898,38.927310999999996],[-77.020498,38.927310999999996],[-77.02059799999999,38.927911],[-77.019998,38.928011],[-77.019398,38.927911],[-77.01879799999999,38.928011],[-77.01759799999999,38.928011],[-77.016498,38.927310999999996],[-77.01369799999999,38.926210999999995],[-77.012198,38.926210999999995],[-77.012298,38.923311],[-77.012298,38.922311],[-77.012198,38.921211],[-77.01499799999999,38.920611],[-77.01499799999999,38.920210999999995],[-77.01499799999999,38.919511],[-77.014898,38.919011],[-77.014898,38.918510999999995],[-77.01481199999999,38.917995],[-77.014798,38.917911],[-77.014698,38.917511],[-77.014698,38.916810999999996],[-77.014498,38.916211],[-77.014498,38.915811],[-77.014298,38.915510999999995],[-77.014298,38.914911],[-77.014398,38.914711],[-77.014198,38.913911],[-77.01409799999999,38.913311],[-77.013998,38.912811],[-77.015198,38.913311],[-77.01579799999999,38.913610999999996],[-77.01629799999999,38.913711],[-77.016798,38.914010999999995],[-77.017298,38.914211],[-77.018098,38.914511],[-77.018498,38.914711],[-77.019098,38.914911],[-77.019998,38.915310999999996],[-77.020498,38.915510999999995],[-77.021298,38.915911],[-77.021998,38.916211],[-77.021998,38.917611],[-77.021898,38.918911],[-77.021998,38.919810999999996],[-77.022198,38.920911],[-77.02229799999999,38.922211],[-77.02269799999999,38.924211],[-77.02269799999999,38.924710999999995],[-77.022798,38.925111],[-77.022798,38.925711],[-77.022898,38.926010999999995],[-77.022898,38.926511],[-77.022798,38.926711],[-77.023198,38.926911]]]}},{"type":"Feature","properties":{"ID":55,"WARD_ID":"01ACFE","POPU":50,"AREA":0.0,"SOC":"BLUE"},"geometry":{"type":"Polygon","coordinates":[[[-77.021998,38.917611],[-77.021998,38.916211],[-77.022898,38.916610999999996],[-77.02399799999999,38.916810999999996],[-77.02399799999999,38.917611],[-77.024598,38.918310999999996],[-77.024698,38.918611],[-77.024998,38.919111],[-77.025198,38.919511],[-77.025998,38.920311],[-77.026298,38.920411],[-77.027098,38.920711],[-77.027298,38.922311],[-77.027198,38.923611],[-77.027098,38.924611],[-77.027198,38.925610999999996],[-77.027298,38.926611],[-77.026198,38.926711],[-77.023198,38.926911],[-77.022798,38.926711],[-77.022898,38.926511],[-77.022898,38.926010999999995],[-77.022798,38.925711],[-77.022798,38.925111],[-77.02269799999999,38.924710999999995],[-77.02269799999999,38.924211],[-77.02229799999999,38.922211],[-77.022198,38.920911],[-77.021998,38.919810999999996],[-77.021898,38.918911],[-77.021998,38.917611]]]}},{"type":"Feature","properties":{"ID":56,"WARD_ID":"01ACFF","POPU":100,"AREA":0.0,"SOC":"RED"},"geometry":{"type":"Polygon","coordinates":[[[-77.027298,38.926611],[-77.027198,38.925610999999996],[-77.027098,38.924611],[-77.027198,38.923611],[-77.027298,38.922311],[-77.027098,38.920711],[-77.02829799999999,38.920511],[-77.028998,38.920411],[-77.029798,38.920411],[-77.032099,38.919911],[-77.032099,38.920511],[-77.03219899999999,38.921011],[-77.032299,38.921411],[-77.032299,38.922311],[-77.032399,38.922610999999996],[-77.032399,38.923511],[-77.032399,38.923611],[-77.032499,38.924411],[-77.032499,38.924611],[-77.032699,38.925211],[-77.03259899999999,38.925610999999996],[-77.032699,38.926411],[-77.032699,38.926611],[-77.029798,38.926611],[-77.027298,38.926611]]]}},{"type":"Feature","properties":{"ID":57,"WARD_ID":"01ACFG","POPU":100,"AREA":0.0,"SOC":"UNOCCUPIED"},"geometry":{"type":"Polygon","coordinates":[[[-77.032399,38.923611],[-77.032399,38.923511],[-77.032399,38.922610999999996],[-77.032299,38.922311],[-77.032299,38.921411],[-77.03219899999999,38.921011],[-77.032099,38.920511],[-77.032099,38.919911],[-77.033399,38.919711],[-77.034399,38.919011],[-77.036399,38.919011],[-77.036299,38.920210999999995],[-77.03649899999999,38.920911],[-77.036299,38.922511],[-77.036399,38.923210999999995],[-77.036299,38.924510999999995],[-77.036299,38.925810999999996],[-77.036399,38.926210999999995],[-77.035399,38.926311],[-77.033299,38.926411],[-77.032699,38.926411],[-77.03259899999999,38.925610999999996],[-77.032699,38.925211],[-77.032499,38.924611],[-77.032499,38.924411],[-77.032399,38.923611]]]}},{"type":"Feature","properties":{"ID":58,"WARD_ID":"01ACFH","POPU":50,"AREA":0.0,"SOC":"BLUE"},"geometry":{"type":"Polygon","coordinates":[[[-77.036299,38.924510999999995],[-77.036399,38.923210999999995],[-77.036299,38.922511],[-77.03649899999999,38.920911],[-77.036299,38.920210999999995],[-77.036399,38.919011],[-77.037217,38.918752999999995],[-77.038299,38.918411],[-77.03859899999999,38.918310999999996],[-77.039599,38.918011],[-77.039999,38.917811],[-77.040199,38.917611],[-77.04029899999999,38.917411],[-77.04079899999999,38.916810999999996],[-77.04159899999999,38.916511],[-77.041499,38.916810999999996],[-77.041499,38.917611],[-77.041499,38.918510999999995],[-77.041699,38.919511],[-77.04199899999999,38.920411],[-77.04289899999999,38.922511],[-77.04249899999999,38.922911],[-77.04119899999999,38.923611],[-77.04029899999999,38.924110999999996],[-77.040099,38.924411],[-77.039199,38.924811],[-77.038499,38.925211],[-77.03779899999999,38.925610999999996],[-77.036799,38.926210999999995],[-77.036399,38.926611],[-77.036399,38.926210999999995],[-77.036299,38.925810999999996],[-77.036299,38.924510999999995]]]}},{"type":"Feature","properties":{"ID":59,"WARD_ID":"01ACFJ","POPU":100,"AREA":0.0,"SOC":"RED"},"geometry":{"type":"Polygon","coordinates":[[[-77.042399,38.927510999999996],[-77.041899,38.927111],[-77.041099,38.927111],[-77.039099,38.927111],[-77.037399,38.926811],[-77.03649899999999,38.927011],[-77.036399,38.926611],[-77.036799,38.926210999999995],[-77.03779899999999,38.925610999999996],[-77.038499,38.925211],[-77.039199,38.924811],[-77.040099,38.924411],[-77.04029899999999,38.924110999999996],[-77.04119899999999,38.923611],[-77.04249899999999,38.922911],[-77.04289899999999,38.922511],[-77.043099,38.923111],[-77.044699,38.923111],[-77.047499,38.923210999999995],[-77.04849899999999,38.923311],[-77.048591,38.923769],[-77.048699,38.924310999999996],[-77.049399,38.925111],[-77.049599,38.925511],[-77.049599,38.927111],[-77.049599,38.927510999999996],[-77.049099,38.927510999999996],[-77.046599,38.925911],[-77.04459899999999,38.927310999999996],[-77.044286,38.927363],[-77.043999,38.927411],[-77.043499,38.927510999999996],[-77.042399,38.927510999999996]]]}},{"type":"Feature","properties":{"ID":60,"WARD_ID":"01ACFK","POPU":100,"AREA":0.0,"SOC":"BLUE"},"geometry":{"type":"Polygon","coordinates":[[[-77.048299,38.918510999999995],[-77.048699,38.918611],[-77.049199,38.919111],[-77.050099,38.920911],[-77.048599,38.922311],[-77.04849899999999,38.923311],[-77.047499,38.923210999999995],[-77.044699,38.923111],[-77.043099,38.923111],[-77.04289899999999,38.922511],[-77.043399,38.922111],[-77.043999,38.920811],[-77.044099,38.920411],[-77.04459899999999,38.919411],[-77.044899,38.919011],[-77.045399,38.918310999999996],[-77.045599,38.917911],[-77.046399,38.916311],[-77.046599,38.916610999999996],[-77.047299,38.917611],[-77.047899,38.918411],[-77.048299,38.918510999999995]]]}},{"type":"Feature","properties":{"ID":61,"WARD_ID":"01ACFL","POPU":50,"AREA":0.0,"SOC":"RED"},"geometry":{"type":"Polygon","coordinates":[[[-77.043999,38.920811],[-77.043399,38.922111],[-77.04289899999999,38.922511],[-77.04199899999999,38.920411],[-77.041699,38.919511],[-77.041499,38.918510999999995],[-77.041499,38.917611],[-77.041499,38.916810999999996],[-77.04159899999999,38.916511],[-77.04329899999999,38.915711],[-77.04379899999999,38.915310999999996],[-77.044399,38.915110999999996],[-77.044799,38.914911],[-77.045999,38.914211],[-77.046099,38.914711],[-77.04629899999999,38.915611],[-77.046399,38.916311],[-77.045599,38.917911],[-77.045399,38.918310999999996],[-77.044899,38.919011],[-77.04459899999999,38.919411],[-77.044099,38.920411],[-77.043999,38.920811]]]}},{"type":"Feature","properties":{"ID":62,"WARD_ID":"01ACFM","POPU":100,"AREA":0.0,"SOC":"UNOCCUPIED"},"geometry":{"type":"Polygon","coordinates":[[[-77.049199,38.919111],[-77.048699,38.918611],[-77.048299,38.918510999999995],[-77.047899,38.918411],[-77.047299,38.917611],[-77.046599,38.916610999999996],[-77.046399,38.916311],[-77.04629899999999,38.915611],[-77.046099,38.914711],[-77.045999,38.914211],[-77.046499,38.913911],[-77.046799,38.913410999999996],[-77.04684,38.913244999999996],[-77.046899,38.913011],[-77.047499,38.912510999999995],[-77.04759899999999,38.912211],[-77.048259,38.911617],[-77.048599,38.911311],[-77.048599,38.910911],[-77.048599,38.910511],[-77.048599,38.909510999999995],[-77.048799,38.909510999999995],[-77.04929899999999,38.909411],[-77.049899,38.909510999999995],[-77.050299,38.909611],[-77.050399,38.909911],[-77.051099,38.910410999999996],[-77.051808,38.911018999999996],[-77.052499,38.911611],[-77.055199,38.912811],[-77.058799,38.915510999999995],[-77.057999,38.917411],[-77.05529899999999,38.918811],[-77.052599,38.919610999999996],[-77.051399,38.919311],[-77.050099,38.920911],[-77.049199,38.919111]]]}},{"type":"Feature","properties":{"ID":63,"WARD_ID":"01ACFN","POPU":100,"AREA":0.0,"SOC":"BLUE"},"geometry":{"type":"Polygon","coordinates":[[[-77.039999,38.917811],[-77.039599,38.918011],[-77.03859899999999,38.918310999999996],[-77.038299,38.918411],[-77.037217,38.918752999999995],[-77.036399,38.919011],[-77.036399,38.917911],[-77.036299,38.916810999999996],[-77.036299,38.916111],[-77.036299,38.915310999999996],[-77.036299,38.914611],[-77.036299,38.913911],[-77.03819899999999,38.914010999999995],[-77.038899,38.913911],[-77.041499,38.913911],[-77.041399,38.914711],[-77.041499,38.915310999999996],[-77.041399,38.916111],[-77.04159899999999,38.916511],[-77.04079899999999,38.916810999999996],[-77.04029899999999,38.917411],[-77.040199,38.917611],[-77.039999,38.917811]]]}},{"type":"Feature","properties":{"ID":64,"WARD_ID":"01ACFP","POPU":50,"AREA":0.0,"SOC":"RED"},"geometry":{"type":"Polygon","coordinates":[[[-77.045999,38.914211],[-77.044799,38.914911],[-77.044399,38.915110999999996],[-77.04379899999999,38.915310999999996],[-77.04329899999999,38.915711],[-77.04159899999999,38.916511],[-77.041399,38.916111],[-77.041499,38.915310999999996],[-77.041399,38.914711],[-77.041499,38.913911],[-77.038899,38.913911],[-77.03961,38.913139],[-77.040309,38.912504999999996],[-77.041028,38.91171],[-77.04146,38.911308999999996],[-77.041994,38.910748999999996],[-77.042699,38.909911],[-77.043125,38.910015],[-77.043499,38.909911],[-77.043899,38.910711],[-77.044399,38.911618],[-77.044769,38.912275],[-77.04489199999999,38.912453],[-77.045799,38.913911],[-77.045999,38.914211]]]}},{"type":"Feature","properties":{"ID":65,"WARD_ID":"01ACFQ","POPU":100,"AREA":0.0,"SOC":"BLUE"},"geometry":{"type":"Polygon","coordinates":[[[-77.031998,38.916211],[-77.03209799999999,38.915310999999996],[-77.03209799999999,38.914711],[-77.03209799999999,38.913911],[-77.033299,38.913911],[-77.03429899999999,38.913911],[-77.036299,38.913911],[-77.036299,38.914611],[-77.036299,38.915310999999996],[-77.036299,38.916111],[-77.036299,38.916810999999996],[-77.036399,38.917911],[-77.036399,38.919011],[-77.034399,38.919011],[-77.033399,38.919711],[-77.032099,38.919911],[-77.03219899999999,38.919011],[-77.03219899999999,38.918011],[-77.03209799999999,38.916810999999996],[-77.031998,38.916211]]]}},{"type":"Feature","properties":{"ID":66,"WARD_ID":"01ACFR","POPU":100,"AREA":0.0,"SOC":"RED"},"geometry":{"type":"Polygon","coordinates":[[[-77.029798,38.920411],[-77.028998,38.920411],[-77.02829799999999,38.920511],[-77.027098,38.920711],[-77.026298,38.920411],[-77.025998,38.920311],[-77.025198,38.919511],[-77.024998,38.919111],[-77.024698,38.918611],[-77.024598,38.918310999999996],[-77.02399799999999,38.917611],[-77.02399799999999,38.916810999999996],[-77.022898,38.916610999999996],[-77.021998,38.916211],[-77.021998,38.915510999999995],[-77.02179799999999,38.914010999999995],[-77.022898,38.914111],[-77.024098,38.914010999999995],[-77.026198,38.913911],[-77.027198,38.914010999999995],[-77.027698,38.914010999999995],[-77.029798,38.913911],[-77.03209799999999,38.913911],[-77.03209799999999,38.914711],[-77.03209799999999,38.915310999999996],[-77.031998,38.916211],[-77.03209799999999,38.916810999999996],[-77.03219899999999,38.918011],[-77.03219899999999,38.919011],[-77.032099,38.919911],[-77.029798,38.920411]]]}},{"type":"Feature","properties":{"ID":67,"WARD_ID":"01ACFS","POPU":50,"AREA":0.0,"SOC":"UNOCCUPIED"},"geometry":{"type":"Polygon","coordinates":[[[-77.009698,38.907111],[-77.012198,38.906211],[-77.01369799999999,38.905711],[-77.014798,38.905311],[-77.014898,38.905611],[-77.015298,38.906310999999995],[-77.015298,38.906611],[-77.015298,38.907111],[-77.015598,38.907610999999996],[-77.015998,38.908411],[-77.016198,38.909211],[-77.016398,38.909510999999995],[-77.01669799999999,38.910211],[-77.01669799999999,38.910410999999996],[-77.016798,38.911010999999995],[-77.01709799999999,38.911811],[-77.017398,38.912611],[-77.01749099999999,38.912867],[-77.017798,38.913711],[-77.01799799999999,38.914111],[-77.018098,38.914511],[-77.017298,38.914211],[-77.016798,38.914010999999995],[-77.01629799999999,38.913711],[-77.01579799999999,38.913610999999996],[-77.015198,38.913311],[-77.013998,38.912811],[-77.013498,38.912611],[-77.012198,38.912110999999996],[-77.011498,38.911711],[-77.00989799999999,38.911010999999995],[-77.00899799999999,38.910711],[-77.00899799999999,38.910410999999996],[-77.009098,38.909611],[-77.009198,38.908511],[-77.009098,38.907810999999995],[-77.009198,38.907511],[-77.009698,38.907111]]]}},{"type":"Feature","properties":{"ID":68,"WARD_ID":"01ACFT","POPU":100,"AREA":0.0,"SOC":"BLUE"},"geometry":{"type":"Polygon","coordinates":[[[-77.015774,38.905038],[-77.015298,38.905211],[-77.014798,38.905311],[-77.01369799999999,38.905711],[-77.012198,38.906211],[-77.009698,38.907111],[-77.009198,38.907511],[-77.009098,38.907311],[-77.009098,38.906310999999995],[-77.00899799999999,38.905611],[-77.009098,38.904511],[-77.009098,38.903611],[-77.009098,38.902411],[-77.00899799999999,38.901210999999996],[-77.00899799999999,38.900611],[-77.00899799999999,38.900110999999995],[-77.008898,38.899511],[-77.00899799999999,38.898810999999995],[-77.00907,38.897434],[-77.01029799999999,38.897811],[-77.011398,38.898311],[-77.012098,38.898511],[-77.012698,38.898810999999995],[-77.012698,38.898911],[-77.013798,38.899211],[-77.01472799999999,38.899521],[-77.015298,38.899710999999996],[-77.01629799999999,38.900110999999995],[-77.018298,38.900711],[-77.019058,38.901016999999996],[-77.019921,38.901256],[-77.021998,38.902011],[-77.02197699999999,38.902391],[-77.021998,38.902747],[-77.019942,38.903593],[-77.019099,38.903881999999996],[-77.01838,38.904101],[-77.01620199999999,38.904871],[-77.01593299999999,38.904979999999995],[-77.015774,38.905038]]]}},{"type":"Feature","properties":{"ID":69,"WARD_ID":"01ACFU","POPU":100,"AREA":0.0,"SOC":"RED"},"geometry":{"type":"Polygon","coordinates":[[[-77.018998,38.908411],[-77.019998,38.908511],[-77.020898,38.908411],[-77.021898,38.908511],[-77.021898,38.909510999999995],[-77.021898,38.910011],[-77.021898,38.911010999999995],[-77.021898,38.912211],[-77.02179799999999,38.912510999999995],[-77.021898,38.912811],[-77.02179799999999,38.914010999999995],[-77.021998,38.915510999999995],[-77.021998,38.916211],[-77.021298,38.915911],[-77.020498,38.915510999999995],[-77.019998,38.915310999999996],[-77.019098,38.914911],[-77.018498,38.914711],[-77.018098,38.914511],[-77.01799799999999,38.914111],[-77.017798,38.913711],[-77.01749099999999,38.912867],[-77.017398,38.912611],[-77.01709799999999,38.911811],[-77.016798,38.911010999999995],[-77.01669799999999,38.910410999999996],[-77.01669799999999,38.910211],[-77.016398,38.909510999999995],[-77.016198,38.909211],[-77.015998,38.908411],[-77.016198,38.908511],[-77.018998,38.908411]]]}},{"type":"Feature","properties":{"ID":70,"WARD_ID":"01ACFW","POPU":50,"AREA":0.0,"SOC":"BLUE"},"geometry":{"type":"Polygon","coordinates":[[[-77.01838,38.904101],[-77.019099,38.903881999999996],[-77.019942,38.903593],[-77.021998,38.902747],[-77.021956,38.904041],[-77.021998,38.905511],[-77.021898,38.907111],[-77.021898,38.908511],[-77.020898,38.908411],[-77.019998,38.908511],[-77.018998,38.908411],[-77.016198,38.908511],[-77.015998,38.908411],[-77.015598,38.907610999999996],[-77.015298,38.907111],[-77.015298,38.906611],[-77.015298,38.906310999999995],[-77.014898,38.905611],[-77.014798,38.905311],[-77.015298,38.905211],[-77.015774,38.905038],[-77.01593299999999,38.904979999999995],[-77.01620199999999,38.904871],[-77.01838,38.904101]]]}},{"type":"Feature","properties":{"ID":71,"WARD_ID":"01ACFX","POPU":100,"AREA":0.0,"SOC":"RED"},"geometry":{"type":"Polygon","coordinates":[[[-77.024898,38.908411],[-77.025071,38.908408],[-77.025998,38.908511],[-77.02699799999999,38.908411],[-77.02699799999999,38.909510999999995],[-77.027098,38.910311],[-77.027098,38.911010999999995],[-77.027098,38.912411],[-77.027198,38.914010999999995],[-77.026198,38.913911],[-77.024098,38.914010999999995],[-77.022898,38.914111],[-77.02179799999999,38.914010999999995],[-77.021898,38.912811],[-77.02179799999999,38.912510999999995],[-77.021898,38.912211],[-77.021898,38.911010999999995],[-77.021898,38.910011],[-77.021898,38.909510999999995],[-77.021898,38.908511],[-77.022898,38.908511],[-77.024098,38.908411],[-77.024898,38.908411]]]}},{"type":"Feature","properties":{"ID":72,"WARD_ID":"01ACFY","POPU":100,"AREA":0.0,"SOC":"UNOCCUPIED"},"geometry":{"type":"Polygon","coordinates":[[[-77.024898,38.908411],[-77.024098,38.908411],[-77.022898,38.908511],[-77.021898,38.908511],[-77.021898,38.907111],[-77.021998,38.905511],[-77.021956,38.904041],[-77.021998,38.902747],[-77.022943,38.902713],[-77.024098,38.902711],[-77.02609799999999,38.903411],[-77.02659799999999,38.903511],[-77.02699799999999,38.903811],[-77.027053,38.904053],[-77.027098,38.905611],[-77.027098,38.907111],[-77.02699799999999,38.908411],[-77.025998,38.908511],[-77.025071,38.908408],[-77.024898,38.908411]]]}},{"type":"Feature","properties":{"ID":73,"WARD_ID":"01ACFZ","POPU":50,"AREA":0.0,"SOC":"BLUE"},"geometry":{"type":"Polygon","coordinates":[[[-77.031998,38.905811],[-77.031998,38.907211],[-77.031998,38.908711],[-77.03209799999999,38.909510999999995],[-77.03209799999999,38.910111],[-77.03209799999999,38.910911],[-77.031998,38.911611],[-77.03209799999999,38.912510999999995],[-77.031998,38.913211],[-77.03209799999999,38.913911],[-77.029798,38.913911],[-77.027698,38.914010999999995],[-77.027198,38.914010999999995],[-77.027098,38.912411],[-77.027098,38.911010999999995],[-77.027098,38.910311],[-77.02699799999999,38.909510999999995],[-77.02699799999999,38.908411],[-77.027098,38.907111],[-77.027098,38.905611],[-77.027053,38.904053],[-77.02699799999999,38.903811],[-77.027698,38.904111],[-77.028198,38.904211],[-77.029698,38.904711],[-77.031598,38.905411],[-77.031598,38.905711],[-77.031798,38.905811],[-77.031998,38.905811]]]}},{"type":"Feature","properties":{"ID":74,"WARD_ID":"01ADFA","POPU":100,"AREA":0.0,"SOC":"RED"},"geometry":{"type":"Polygon","coordinates":[[[-77.02609799999999,38.903411],[-77.024098,38.902711],[-77.024098,38.902411],[-77.024098,38.902011],[-77.02609799999999,38.901210999999996],[-77.026313,38.901136],[-77.02703199999999,38.900874],[-77.027012,38.900734],[-77.027484,38.900748],[-77.02808,38.900556],[-77.02968299999999,38.900037999999995],[-77.030711,38.899642],[-77.031944,38.899204999999995],[-77.033197,38.898755],[-77.03475999999999,38.898722],[-77.034781,38.900006999999995],[-77.034328,38.901112],[-77.03429899999999,38.902411],[-77.033498,38.902411],[-77.03299799999999,38.903511],[-77.03209799999999,38.905311],[-77.031998,38.905211],[-77.031598,38.905411],[-77.029698,38.904711],[-77.028198,38.904211],[-77.027698,38.904111],[-77.02699799999999,38.903811],[-77.02659799999999,38.903511],[-77.02609799999999,38.903411]]]}},{"type":"Feature","properties":{"ID":75,"WARD_ID":"01ADFB","POPU":100,"AREA":0.0,"SOC":"BLUE"},"geometry":{"type":"Polygon","coordinates":[[[-77.03249799999999,38.905511],[-77.032398,38.905611],[-77.03429899999999,38.906310999999995],[-77.035099,38.906611],[-77.035499,38.906911],[-77.035899,38.907311],[-77.036099,38.907211],[-77.036299,38.908411],[-77.036399,38.909411],[-77.036299,38.910111],[-77.036399,38.910911],[-77.036299,38.911711],[-77.036299,38.912411],[-77.036399,38.913011],[-77.036299,38.913911],[-77.03429899999999,38.913911],[-77.033299,38.913911],[-77.03209799999999,38.913911],[-77.031998,38.913211],[-77.03209799999999,38.912510999999995],[-77.031998,38.911611],[-77.03209799999999,38.910911],[-77.03209799999999,38.910111],[-77.03209799999999,38.909510999999995],[-77.031998,38.908711],[-77.031998,38.907211],[-77.031998,38.905811],[-77.031798,38.905811],[-77.031598,38.905711],[-77.031598,38.905411],[-77.031998,38.905211],[-77.03209799999999,38.905311],[-77.03249799999999,38.905511]]]}},{"type":"Feature","properties":{"ID":76,"WARD_ID":"01ADFC","POPU":50,"AREA":0.0,"SOC":"RED"},"geometry":{"type":"Polygon","coordinates":[[[-77.03429899999999,38.902411],[-77.034328,38.901112],[-77.034781,38.900006999999995],[-77.036198,38.900008],[-77.036199,38.901111],[-77.036199,38.902311],[-77.036199,38.903411],[-77.036299,38.904011],[-77.036199,38.905411],[-77.036199,38.906310999999995],[-77.035499,38.906911],[-77.035099,38.906611],[-77.03429899999999,38.906310999999995],[-77.032398,38.905611],[-77.03249799999999,38.905511],[-77.03209799999999,38.905311],[-77.03299799999999,38.903511],[-77.033498,38.902411],[-77.03429899999999,38.902411]]]}},{"type":"Feature","properties":{"ID":77,"WARD_ID":"01ADFD","POPU":100,"AREA":0.0,"SOC":"UNOCCUPIED"},"geometry":{"type":"Polygon","coordinates":[[[-77.03819899999999,38.914010999999995],[-77.036299,38.913911],[-77.036399,38.913011],[-77.036299,38.912411],[-77.036299,38.911711],[-77.036399,38.910911],[-77.036299,38.910111],[-77.036399,38.909411],[-77.036299,38.908411],[-77.036099,38.907211],[-77.035899,38.907311],[-77.035499,38.906911],[-77.036199,38.906310999999995],[-77.03649899999999,38.906911],[-77.03729899999999,38.907311],[-77.037399,38.907311],[-77.03819899999999,38.907610999999996],[-77.041399,38.908811],[-77.042399,38.909110999999996],[-77.042467,38.909482],[-77.042699,38.909911],[-77.041994,38.910748999999996],[-77.04146,38.911308999999996],[-77.041028,38.91171],[-77.040309,38.912504999999996],[-77.03961,38.913139],[-77.038899,38.913911],[-77.03819899999999,38.914010999999995]]]}},{"type":"Feature","properties":{"ID":78,"WARD_ID":"01ADFE","POPU":100,"AREA":0.0,"SOC":"BLUE"},"geometry":{"type":"Polygon","coordinates":[[[-77.036199,38.902311],[-77.036199,38.901111],[-77.036198,38.900008],[-77.037699,38.900011],[-77.03819899999999,38.901111],[-77.03819899999999,38.902311],[-77.039099,38.902311],[-77.039699,38.903310999999995],[-77.04029899999999,38.904511],[-77.04079899999999,38.905311],[-77.040899,38.905411],[-77.041399,38.906110999999996],[-77.041799,38.906911],[-77.04289899999999,38.908811],[-77.042399,38.909110999999996],[-77.041399,38.908811],[-77.03819899999999,38.907610999999996],[-77.037399,38.907311],[-77.03729899999999,38.907311],[-77.03649899999999,38.906911],[-77.036199,38.906310999999995],[-77.036199,38.905411],[-77.036299,38.904011],[-77.036199,38.903411],[-77.036199,38.902311]]]}},{"type":"Feature","properties":{"ID":79,"WARD_ID":"01ADFF","POPU":50,"AREA":0.0,"SOC":"RED"},"geometry":{"type":"Polygon","coordinates":[[[-77.049371,38.902651],[-77.048699,38.903310999999995],[-77.04849899999999,38.903611],[-77.047299,38.904911],[-77.046899,38.905311],[-77.046799,38.905511],[-77.04629899999999,38.906110999999996],[-77.04549899999999,38.906911],[-77.044699,38.907810999999995],[-77.044299,38.908311],[-77.04369899999999,38.909011],[-77.043199,38.908811],[-77.043199,38.907711],[-77.043099,38.906911],[-77.043099,38.906110999999996],[-77.04289899999999,38.905311],[-77.04289899999999,38.904911],[-77.042929,38.904430999999995],[-77.042898,38.903327],[-77.04287699999999,38.902724],[-77.04287699999999,38.902223],[-77.042699,38.901111],[-77.042754,38.899982],[-77.04459899999999,38.900511],[-77.04459899999999,38.900411],[-77.046199,38.900811],[-77.048468,38.901734],[-77.049206,38.901976],[-77.049099,38.902211],[-77.049371,38.902651]]]}},{"type":"Feature","properties":{"ID":80,"WARD_ID":"01ADFG","POPU":100,"AREA":0.0,"SOC":"BLUE"},"geometry":{"type":"Polygon","coordinates":[[[-77.04289899999999,38.904911],[-77.04289899999999,38.905311],[-77.043099,38.906110999999996],[-77.043099,38.906911],[-77.043199,38.907711],[-77.043199,38.908811],[-77.04289899999999,38.908811],[-77.041799,38.906911],[-77.041399,38.906110999999996],[-77.040899,38.905411],[-77.04079899999999,38.905311],[-77.04029899999999,38.904511],[-77.039699,38.903310999999995],[-77.039099,38.902311],[-77.03819899999999,38.902311],[-77.03819899999999,38.901111],[-77.037699,38.900011],[-77.03763699999999,38.898717999999995],[-77.039099,38.898711],[-77.04119899999999,38.899411],[-77.042754,38.899982],[-77.042699,38.901111],[-77.04287699999999,38.902223],[-77.04287699999999,38.902724],[-77.042898,38.903327],[-77.042929,38.904430999999995],[-77.04289899999999,38.904911]]]}},{"type":"Feature","properties":{"ID":81,"WARD_ID":"01ADFH","POPU":100,"AREA":0.0,"SOC":"RED"},"geometry":{"type":"Polygon","coordinates":[[[-77.04684,38.913244999999996],[-77.046799,38.913410999999996],[-77.046499,38.913911],[-77.045999,38.914211],[-77.045799,38.913911],[-77.04489199999999,38.912453],[-77.044769,38.912275],[-77.044399,38.911618],[-77.043899,38.910711],[-77.043499,38.909911],[-77.043125,38.910015],[-77.042699,38.909911],[-77.042467,38.909482],[-77.042399,38.909110999999996],[-77.04289899999999,38.908811],[-77.043199,38.908811],[-77.04369899999999,38.909011],[-77.044299,38.908311],[-77.044699,38.907810999999995],[-77.04549899999999,38.906911],[-77.04629899999999,38.906110999999996],[-77.046799,38.905511],[-77.046899,38.905311],[-77.047299,38.904911],[-77.04849899999999,38.903611],[-77.048699,38.903310999999995],[-77.049371,38.902651],[-77.049099,38.902211],[-77.049206,38.901976],[-77.04972,38.901751999999995],[-77.050213,38.901880999999996],[-77.050501,38.902212],[-77.050439,38.902468],[-77.051076,38.902691999999995],[-77.052999,38.903310999999995],[-77.054599,38.903911],[-77.05569899999999,38.904311],[-77.055499,38.904810999999995],[-77.054795,38.905594],[-77.054599,38.905811],[-77.054299,38.907011],[-77.053099,38.908311],[-77.049999,38.909011],[-77.049899,38.909510999999995],[-77.04929899999999,38.909411],[-77.048799,38.909510999999995],[-77.048599,38.909510999999995],[-77.048599,38.910511],[-77.048599,38.910911],[-77.048599,38.911311],[-77.048259,38.911617],[-77.04759899999999,38.912211],[-77.047499,38.912510999999995],[-77.046899,38.913011],[-77.04684,38.913244999999996]]]}},{"type":"Feature","properties":{"ID":82,"WARD_ID":"01ADFJ","POPU":50,"AREA":0.0,"SOC":"UNOCCUPIED"},"geometry":{"type":"Polygon","coordinates":[[[-77.054599,38.903911],[-77.052999,38.903310999999995],[-77.051076,38.902691999999995],[-77.050439,38.902468],[-77.050501,38.902212],[-77.050213,38.901880999999996],[-77.04972,38.901751999999995],[-77.04978299999999,38.900332999999996],[-77.049799,38.899111],[-77.04972099999999,38.898086],[-77.04969899999999,38.897020999999995],[-77.04969899999999,38.896844],[-77.049617,38.895748],[-77.051099,38.895810999999995],[-77.05229899999999,38.897511],[-77.052999,38.897211],[-77.054434,38.897138999999996],[-77.055554,38.897082999999995],[-77.056266,38.89701],[-77.056099,38.896211],[-77.055602,38.893981],[-77.055499,38.893211],[-77.05569899999999,38.893111],[-77.05645799999999,38.89698],[-77.056699,38.898210999999996],[-77.057199,38.899211],[-77.057099,38.899611],[-77.057799,38.900411],[-77.058199,38.901111],[-77.057999,38.901410999999996],[-77.05749899999999,38.902211],[-77.05659899999999,38.903110999999996],[-77.056519,38.903217],[-77.05648699999999,38.903261],[-77.05569899999999,38.904311],[-77.054599,38.903911]]]}},{"type":"Feature","properties":{"ID":83,"WARD_ID":"01ADFK","POPU":100,"AREA":0.0,"SOC":"BLUE"},"geometry":{"type":"Polygon","coordinates":[[[-77.04972,38.901751999999995],[-77.049206,38.901976],[-77.048468,38.901734],[-77.046199,38.900811],[-77.04459899999999,38.900411],[-77.04459899999999,38.900511],[-77.042754,38.899982],[-77.042774,38.899113],[-77.042733,38.898123],[-77.042699,38.897011],[-77.042699,38.895711],[-77.042699,38.895111],[-77.042692,38.893175],[-77.043555,38.893591],[-77.04499899999999,38.894310999999995],[-77.046099,38.894911],[-77.047645,38.895783],[-77.048378,38.89577],[-77.049617,38.895748],[-77.04969899999999,38.896844],[-77.04969899999999,38.897020999999995],[-77.04972099999999,38.898086],[-77.049799,38.899111],[-77.04978299999999,38.900332999999996],[-77.04972,38.901751999999995]]]}},{"type":"Feature","properties":{"ID":84,"WARD_ID":"01ADFL","POPU":100,"AREA":0.0,"SOC":"RED"},"geometry":{"type":"Polygon","coordinates":[[[-77.042699,38.897011],[-77.042733,38.898123],[-77.042774,38.899113],[-77.042754,38.899982],[-77.04119899999999,38.899411],[-77.039099,38.898711],[-77.039099,38.898111],[-77.039099,38.897011],[-77.039099,38.896411],[-77.03913399999999,38.896035],[-77.039099,38.895111],[-77.039099,38.894110999999995],[-77.03911599999999,38.893209999999996],[-77.039137,38.891951],[-77.040206,38.891965],[-77.041213,38.892458999999995],[-77.042692,38.893175],[-77.042699,38.895111],[-77.042699,38.895711],[-77.042699,38.897011]]]}},{"type":"Feature","properties":{"ID":85,"WARD_ID":"01ADFM","POPU":50,"AREA":0.0,"SOC":"BLUE"},"geometry":{"type":"Polygon","coordinates":[[[-77.018998,38.894711],[-77.019998,38.894310999999995],[-77.020004,38.893432],[-77.019998,38.892610999999995],[-77.021698,38.893111],[-77.022059,38.893224],[-77.02308699999999,38.893513],[-77.024098,38.893811],[-77.026169,38.894383],[-77.027012,38.894625],[-77.028198,38.894911],[-77.029601,38.895311],[-77.030875,38.895663],[-77.031882,38.895973],[-77.033115,38.896321],[-77.03315599999999,38.897093],[-77.033198,38.898210999999996],[-77.033197,38.898755],[-77.031944,38.899204999999995],[-77.030711,38.899642],[-77.02968299999999,38.900037999999995],[-77.02808,38.900556],[-77.027484,38.900748],[-77.027012,38.900734],[-77.02703199999999,38.900874],[-77.026313,38.901136],[-77.02609799999999,38.901210999999996],[-77.024098,38.902011],[-77.024098,38.902411],[-77.024098,38.902711],[-77.022943,38.902713],[-77.021998,38.902747],[-77.02197699999999,38.902391],[-77.021998,38.902011],[-77.019921,38.901256],[-77.019058,38.901016999999996],[-77.019098,38.900711],[-77.019098,38.899611],[-77.019098,38.898911],[-77.019098,38.898111],[-77.01908,38.897017],[-77.01903899999999,38.895942999999995],[-77.018998,38.894711]]]}},{"type":"Feature","properties":{"ID":86,"WARD_ID":"01ADFN","POPU":100,"AREA":0.0,"SOC":"RED"},"geometry":{"type":"Polygon","coordinates":[[[-77.019098,38.898111],[-77.019098,38.898911],[-77.019098,38.899611],[-77.019098,38.900711],[-77.019058,38.901016999999996],[-77.018298,38.900711],[-77.01629799999999,38.900110999999995],[-77.015298,38.899710999999996],[-77.01472799999999,38.899521],[-77.013798,38.899211],[-77.012698,38.898911],[-77.012698,38.898810999999995],[-77.012098,38.898511],[-77.011398,38.898311],[-77.01029799999999,38.897811],[-77.00907,38.897434],[-77.00907,38.8972],[-77.009132,38.896276],[-77.009132,38.896017],[-77.009194,38.894749999999995],[-77.009498,38.894611],[-77.010898,38.894611],[-77.01069799999999,38.893811],[-77.011298,38.893411],[-77.012298,38.892610999999995],[-77.013198,38.891911],[-77.013798,38.891911],[-77.014399,38.891911],[-77.015298,38.891911],[-77.017703,38.891925],[-77.019998,38.892610999999995],[-77.020004,38.893432],[-77.019998,38.894310999999995],[-77.018998,38.894711],[-77.01903899999999,38.895942999999995],[-77.01908,38.897017],[-77.019098,38.898111]]]}},{"type":"Feature","properties":{"ID":87,"WARD_ID":"01ADFP","POPU":100,"AREA":0.0,"SOC":"UNOCCUPIED"},"geometry":{"type":"Polygon","coordinates":[[[-77.01772299999999,38.887389999999996],[-77.017189,38.887378],[-77.015298,38.887411],[-77.014498,38.887411],[-77.013798,38.886911],[-77.012926,38.886272999999996],[-77.012298,38.885812],[-77.010898,38.884812],[-77.009498,38.883911999999995],[-77.009098,38.883612],[-77.009098,38.883112],[-77.009098,38.882211999999996],[-77.009098,38.881912],[-77.00899799999999,38.881612],[-77.00899799999999,38.879112],[-77.009098,38.879112],[-77.009498,38.879112],[-77.010898,38.879112],[-77.01187999999999,38.879112],[-77.012998,38.879112],[-77.015298,38.879112],[-77.01669799999999,38.879011999999996],[-77.01759799999999,38.879112],[-77.01759799999999,38.881012],[-77.01759799999999,38.882112],[-77.01759799999999,38.882312],[-77.01759799999999,38.883112],[-77.01759799999999,38.883812],[-77.01759799999999,38.884212],[-77.01759799999999,38.884512],[-77.01759799999999,38.884612],[-77.017721,38.885027],[-77.01772299999999,38.885889999999996],[-77.017703,38.887203],[-77.01772299999999,38.887389999999996]]]}},{"type":"Feature","properties":{"ID":88,"WARD_ID":"01ADFQ","POPU":50,"AREA":0.0,"SOC":"BLUE"},"geometry":{"type":"Polygon","coordinates":[[[-77.01037699999999,38.876312],[-77.01069799999999,38.876312],[-77.011076,38.876312],[-77.011498,38.876312],[-77.012198,38.876312],[-77.01409799999999,38.876411999999995],[-77.015298,38.876411999999995],[-77.015298,38.877311999999996],[-77.015298,38.878212],[-77.015298,38.879112],[-77.012998,38.879112],[-77.01187999999999,38.879112],[-77.010898,38.879112],[-77.009498,38.879112],[-77.009098,38.879112],[-77.00899799999999,38.879112],[-77.00899799999999,38.878212],[-77.009098,38.877412],[-77.009098,38.876411999999995],[-77.009226,38.876386],[-77.009598,38.876312],[-77.009998,38.876312],[-77.01037699999999,38.876312]]]}},{"type":"Feature","properties":{"ID":89,"WARD_ID":"01ADFR","POPU":100,"AREA":0.0,"SOC":"RED"},"geometry":{"type":"Polygon","coordinates":[[[-77.022898,38.878112],[-77.021998,38.879112],[-77.021998,38.881012],[-77.022098,38.882112],[-77.021998,38.882512],[-77.022098,38.883212],[-77.022098,38.884712],[-77.022098,38.885411999999995],[-77.022059,38.885659],[-77.022059,38.885889999999996],[-77.022059,38.88625],[-77.02203899999999,38.887341],[-77.02008699999999,38.88736],[-77.01772299999999,38.887389999999996],[-77.017703,38.887203],[-77.01772299999999,38.885889999999996],[-77.017721,38.885027],[-77.01759799999999,38.884612],[-77.01759799999999,38.884512],[-77.01759799999999,38.884212],[-77.01759799999999,38.883812],[-77.01759799999999,38.883112],[-77.01759799999999,38.882312],[-77.01759799999999,38.882112],[-77.01759799999999,38.881012],[-77.01759799999999,38.879112],[-77.01669799999999,38.879011999999996],[-77.015298,38.879112],[-77.015298,38.878212],[-77.015298,38.877311999999996],[-77.015298,38.876411999999995],[-77.016098,38.876411999999995],[-77.01759799999999,38.876312],[-77.019998,38.876411999999995],[-77.021198,38.876411999999995],[-77.02139799999999,38.876312],[-77.02229799999999,38.877112],[-77.022898,38.877911999999995],[-77.022898,38.878112]]]}},{"type":"Feature","properties":{"ID":90,"WARD_ID":"01ADFS","POPU":100,"AREA":0.0,"SOC":"BLUE"},"geometry":{"type":"Polygon","coordinates":[[[-77.032298,38.882411999999995],[-77.031798,38.882812],[-77.031798,38.882988999999995],[-77.031798,38.883911999999995],[-77.031798,38.884710999999996],[-77.03186199999999,38.885779],[-77.031882,38.887335],[-77.028198,38.887311],[-77.02609799999999,38.887311],[-77.024197,38.887325],[-77.02203899999999,38.887341],[-77.022059,38.88625],[-77.022059,38.885889999999996],[-77.022059,38.885659],[-77.022098,38.885411999999995],[-77.022098,38.884712],[-77.022098,38.883212],[-77.021998,38.882512],[-77.022098,38.882112],[-77.021998,38.881012],[-77.021998,38.879112],[-77.022898,38.878112],[-77.022898,38.877911999999995],[-77.02229799999999,38.877112],[-77.02139799999999,38.876312],[-77.022098,38.876312],[-77.024198,38.876312],[-77.030731,38.880735],[-77.03169799999999,38.882112],[-77.031998,38.882312],[-77.032298,38.882411999999995]]]}},{"type":"Feature","properties":{"ID":91,"WARD_ID":"01ADFT","POPU":50,"AREA":0.0,"SOC":"RED"},"geometry":{"type":"Polygon","coordinates":[[[-77.00509799999999,38.885912],[-77.005866,38.885911],[-77.005907,38.884826],[-77.007498,38.884812],[-77.00769799999999,38.884812],[-77.009098,38.884812],[-77.009098,38.884112],[-77.009098,38.883612],[-77.009498,38.883911999999995],[-77.010898,38.884812],[-77.012298,38.885812],[-77.012926,38.886272999999996],[-77.013798,38.886911],[-77.014498,38.887411],[-77.015298,38.887411],[-77.017189,38.887378],[-77.01772299999999,38.887389999999996],[-77.02008699999999,38.88736],[-77.02203899999999,38.887341],[-77.024197,38.887325],[-77.02609799999999,38.887311],[-77.028198,38.887311],[-77.031882,38.887335],[-77.03186199999999,38.885779],[-77.031798,38.884710999999996],[-77.031798,38.883911999999995],[-77.031798,38.882988999999995],[-77.031798,38.882812],[-77.032298,38.882411999999995],[-77.031998,38.882312],[-77.03169799999999,38.882112],[-77.030731,38.880735],[-77.024198,38.876312],[-77.02179799999999,38.871812],[-77.020398,38.868212],[-77.020307,38.858075],[-77.020298,38.857012],[-77.0218,38.856156],[-77.03169799999999,38.850511999999995],[-77.03779899999999,38.861912],[-77.042599,38.863512],[-77.039299,38.864312],[-77.038899,38.865812],[-77.039099,38.868111999999996],[-77.040452,38.870915],[-77.040499,38.871012],[-77.040599,38.871212],[-77.04079899999999,38.871311999999996],[-77.041899,38.872412],[-77.04199899999999,38.872612],[-77.04289899999999,38.873411999999995],[-77.04329899999999,38.874012],[-77.044099,38.874511999999996],[-77.045399,38.875212],[-77.046599,38.874911999999995],[-77.046465,38.874658],[-77.045599,38.873011999999996],[-77.04629899999999,38.871311999999996],[-77.049099,38.870712],[-77.051299,38.873211999999995],[-77.051208,38.874119],[-77.051099,38.875212],[-77.054099,38.879112],[-77.055199,38.880012],[-77.05640799999999,38.879861],[-77.056675,38.879827999999996],[-77.056799,38.879812],[-77.05825399999999,38.880069],[-77.05882199999999,38.880769],[-77.05912699999999,38.881145],[-77.06129899999999,38.884710999999996],[-77.063299,38.888311],[-77.063499,38.888611],[-77.063692,38.889286999999996],[-77.063699,38.889311],[-77.063799,38.889610999999995],[-77.063499,38.890511],[-77.064132,38.890986],[-77.06429899999999,38.891110999999995],[-77.063361,38.891334],[-77.062922,38.891439],[-77.06219899999999,38.891611],[-77.059699,38.892210999999996],[-77.057609,38.892686],[-77.05749899999999,38.892711],[-77.05739899999999,38.892733],[-77.05569899999999,38.893111],[-77.055499,38.893211],[-77.055602,38.893981],[-77.056099,38.896211],[-77.056266,38.89701],[-77.055554,38.897082999999995],[-77.054434,38.897138999999996],[-77.052999,38.897211],[-77.05229899999999,38.897511],[-77.051099,38.895810999999995],[-77.049617,38.895748],[-77.048378,38.89577],[-77.047645,38.895783],[-77.046099,38.894911],[-77.04499899999999,38.894310999999995],[-77.043555,38.893591],[-77.042692,38.893175],[-77.041213,38.892458999999995],[-77.040206,38.891965],[-77.039137,38.891951],[-77.03911599999999,38.893209999999996],[-77.039099,38.894110999999995],[-77.039099,38.895111],[-77.03913399999999,38.896035],[-77.039099,38.896411],[-77.039099,38.897011],[-77.039099,38.898111],[-77.039099,38.898711],[-77.03763699999999,38.898717999999995],[-77.037699,38.900011],[-77.036198,38.900008],[-77.034781,38.900006999999995],[-77.03475999999999,38.898722],[-77.033197,38.898755],[-77.033198,38.898210999999996],[-77.03315599999999,38.897093],[-77.033115,38.896321],[-77.031882,38.895973],[-77.030875,38.895663],[-77.029601,38.895311],[-77.028198,38.894911],[-77.027012,38.894625],[-77.026169,38.894383],[-77.024098,38.893811],[-77.02308699999999,38.893513],[-77.022059,38.893224],[-77.021698,38.893111],[-77.019998,38.892610999999995],[-77.017703,38.891925],[-77.015298,38.891911],[-77.014399,38.891911],[-77.013798,38.891911],[-77.013198,38.891911],[-77.012298,38.892610999999995],[-77.011298,38.893411],[-77.01069799999999,38.893811],[-77.010898,38.894611],[-77.009498,38.894611],[-77.009194,38.894749999999995],[-77.009132,38.896017],[-77.009132,38.896276],[-77.00907,38.8972],[-77.00907,38.897434],[-77.007899,38.897023999999995],[-77.00777599999999,38.896392],[-77.007598,38.895911],[-77.006798,38.895711],[-77.005825,38.895824],[-77.005398,38.896011],[-77.00512499999999,38.896477999999995],[-77.004898,38.896811],[-77.004611,38.897211999999996],[-77.00348,38.897211],[-77.00352199999999,38.896411],[-77.003498,38.895911],[-77.003498,38.895111],[-77.003498,38.894611],[-77.003483,38.893386],[-77.005741,38.893329],[-77.005798,38.891811],[-77.005798,38.890910999999996],[-77.003462,38.891818],[-77.003462,38.89071],[-77.003462,38.889688],[-77.00344199999999,38.889002999999995],[-77.002065,38.889033],[-77.002085,38.888512999999996],[-77.002083,38.887364],[-77.00348,38.887401],[-77.003598,38.885912],[-77.00509799999999,38.885912]]]}},{"type":"Feature","properties":{"ID":92,"WARD_ID":"01ADFU","POPU":100,"AREA":0.0,"SOC":"UNOCCUPIED"},"geometry":{"type":"Polygon","coordinates":[[[-77.024198,38.876312],[-77.022098,38.876312],[-77.02139799999999,38.876312],[-77.021198,38.876411999999995],[-77.019998,38.876411999999995],[-77.01759799999999,38.876312],[-77.016098,38.876411999999995],[-77.015298,38.876411999999995],[-77.01409799999999,38.876411999999995],[-77.014798,38.874112],[-77.013498,38.872811999999996],[-77.013798,38.872112],[-77.013787,38.871749],[-77.014415,38.871749],[-77.015204,38.871755],[-77.01688299999999,38.871778],[-77.017591,38.871772],[-77.019533,38.871759999999995],[-77.02179799999999,38.871812],[-77.024198,38.876312]]]}},{"type":"Feature","properties":{"ID":93,"WARD_ID":"01ADFW","POPU":100,"AREA":0.0,"SOC":"BLUE"},"geometry":{"type":"Polygon","coordinates":[[[-77.01484099999999,38.870335],[-77.015568,38.867911],[-77.015598,38.867812],[-77.01556,38.86661],[-77.01552,38.865323],[-77.015498,38.864612],[-77.015498,38.861412],[-77.015698,38.859912],[-77.020298,38.857012],[-77.020307,38.858075],[-77.020398,38.868212],[-77.02179799999999,38.871812],[-77.019533,38.871759999999995],[-77.017591,38.871772],[-77.01688299999999,38.871778],[-77.015204,38.871755],[-77.014415,38.871749],[-77.014816,38.870419],[-77.01484099999999,38.870335]]]}},{"type":"Feature","properties":{"ID":94,"WARD_ID":"01ADFX","POPU":50,"AREA":0.0,"SOC":"RED"},"geometry":{"type":"Polygon","coordinates":[[[-77.011076,38.876312],[-77.01069799999999,38.876312],[-77.01037699999999,38.876312],[-77.009998,38.876312],[-77.009598,38.876312],[-77.009226,38.876386],[-77.009098,38.876411999999995],[-77.009098,38.87571],[-77.009098,38.874311999999996],[-77.009098,38.873312],[-77.00939799999999,38.872811999999996],[-77.00939799999999,38.871911999999995],[-77.009259,38.871009],[-77.009098,38.870912],[-77.00899799999999,38.870612],[-77.008898,38.870412],[-77.007498,38.869412],[-77.005698,38.868711999999995],[-77.008198,38.864112],[-77.009198,38.863412],[-77.015698,38.859912],[-77.015498,38.861412],[-77.015498,38.864612],[-77.01552,38.865323],[-77.01556,38.86661],[-77.015598,38.867812],[-77.015568,38.867911],[-77.01484099999999,38.870335],[-77.014816,38.870419],[-77.014415,38.871749],[-77.013787,38.871749],[-77.013798,38.872112],[-77.013498,38.872811999999996],[-77.014798,38.874112],[-77.01409799999999,38.876411999999995],[-77.012198,38.876312],[-77.011498,38.876312],[-77.011076,38.876312]]]}},{"type":"Feature","properties":{"ID":95,"WARD_ID":"01ADFY","POPU":100,"AREA":0.0,"SOC":"BLUE"},"geometry":{"type":"Polygon","coordinates":[[[-77.00899799999999,38.881612],[-77.009098,38.881912],[-77.009098,38.882211999999996],[-77.009098,38.883112],[-77.009098,38.883612],[-77.009098,38.884112],[-77.009098,38.884812],[-77.00769799999999,38.884812],[-77.007498,38.884812],[-77.005907,38.884826],[-77.005866,38.885911],[-77.00509799999999,38.885912],[-77.003598,38.885912],[-77.00348,38.887401],[-77.002044,38.886976],[-77.000698,38.886412],[-76.999698,38.885912],[-76.998487,38.885439999999996],[-76.996225,38.884586],[-76.996197,38.884012],[-76.996197,38.883711999999996],[-76.998498,38.883112],[-76.998498,38.882512],[-76.999498,38.882512],[-77.000698,38.882411999999995],[-77.00209799999999,38.882211999999996],[-77.00219799999999,38.881012],[-77.00213099999999,38.880745],[-77.002062,38.880466],[-77.00330799999999,38.880793],[-77.00362,38.880874999999996],[-77.005541,38.881378999999995],[-77.00569899999999,38.881251999999996],[-77.005828,38.881149],[-77.00599799999999,38.881012],[-77.007055,38.881215],[-77.00859799999999,38.881512],[-77.00899799999999,38.881612]]]}},{"type":"Feature","properties":{"ID":96,"WARD_ID":"01ADFZ","POPU":100,"AREA":0.0,"SOC":"RED"},"geometry":{"type":"Polygon","coordinates":[[[-76.996225,38.884586],[-76.998487,38.885439999999996],[-76.999698,38.885912],[-77.000698,38.886412],[-77.002044,38.886976],[-77.00348,38.887401],[-77.002083,38.887364],[-77.002085,38.888512999999996],[-77.002065,38.889033],[-77.00344199999999,38.889002999999995],[-77.003462,38.889688],[-77.002599,38.889679],[-77.00209799999999,38.889711],[-77.001398,38.889711],[-77.000665,38.889722],[-76.999596,38.889708999999996],[-76.998498,38.889711],[-76.99619799999999,38.889711],[-76.99503299999999,38.889675],[-76.99497099999999,38.888546999999996],[-76.99498,38.887741],[-76.995012,38.887426],[-76.99497099999999,38.885902],[-76.99497099999999,38.884574],[-76.996225,38.884586]]]}},{"type":"Feature","properties":{"ID":97,"WARD_ID":"01AEFA","POPU":50,"AREA":0.0,"SOC":"UNOCCUPIED"},"geometry":{"type":"Polygon","coordinates":[[[-76.990347,38.88516],[-76.991621,38.884859999999996],[-76.99269699999999,38.884612],[-76.99389699999999,38.884312],[-76.993903,38.884592],[-76.99497099999999,38.884574],[-76.99497099999999,38.885902],[-76.995012,38.887426],[-76.99498,38.887741],[-76.99497099999999,38.888546999999996],[-76.99503299999999,38.889675],[-76.99387,38.889644],[-76.992699,38.889672999999995],[-76.991642,38.889651],[-76.991621,38.889021],[-76.990297,38.889010999999996],[-76.98969699999999,38.889010999999996],[-76.988897,38.889010999999996],[-76.988354,38.889026],[-76.988416,38.889711999999996],[-76.985579,38.889719],[-76.98369699999999,38.889711],[-76.983648,38.888563999999995],[-76.983668,38.887426999999995],[-76.98369699999999,38.887012],[-76.985497,38.886511999999996],[-76.987285,38.886071],[-76.988329,38.885889999999996],[-76.990347,38.88516]]]}},{"type":"Feature","properties":{"ID":98,"WARD_ID":"01AEFB","POPU":100,"AREA":0.0,"SOC":"BLUE"},"geometry":{"type":"Polygon","coordinates":[[[-76.983648,38.888563999999995],[-76.98369699999999,38.889711],[-76.982297,38.889711],[-76.980797,38.889711999999996],[-76.979044,38.889748999999995],[-76.977397,38.889812],[-76.97738,38.88851],[-76.9774,38.887481],[-76.977397,38.886711999999996],[-76.977397,38.886012],[-76.977397,38.885611999999995],[-76.977397,38.885312],[-76.977397,38.884412],[-76.97906499999999,38.884983999999996],[-76.979455,38.885171],[-76.98077099999999,38.885768999999996],[-76.982332,38.886474],[-76.98369699999999,38.887012],[-76.983668,38.887426999999995],[-76.983648,38.888563999999995]]]}},{"type":"Feature","properties":{"ID":99,"WARD_ID":"01AEFC","POPU":100,"AREA":0.0,"SOC":"RED"},"geometry":{"type":"Polygon","coordinates":[[[-76.979297,38.882512],[-76.980735,38.881924999999995],[-76.980735,38.881132],[-76.980735,38.880176],[-76.980797,38.879112],[-76.981397,38.879011999999996],[-76.981897,38.878712],[-76.983752,38.879618],[-76.98379299999999,38.880825],[-76.983813,38.881059],[-76.983797,38.881812],[-76.983797,38.882512],[-76.983797,38.883911999999995],[-76.98373099999999,38.885177999999996],[-76.983744,38.886168],[-76.98369699999999,38.887012],[-76.982332,38.886474],[-76.98077099999999,38.885768999999996],[-76.979455,38.885171],[-76.97906499999999,38.884983999999996],[-76.977397,38.884412],[-76.9774,38.883978],[-76.977397,38.883511999999996],[-76.979044,38.882923],[-76.979297,38.882512]]]}},{"type":"Feature","properties":{"ID":100,"WARD_ID":"01AEFD","POPU":50,"AREA":0.0,"SOC":"BLUE"},"geometry":{"type":"Polygon","coordinates":[[[-76.974097,38.894911],[-76.97299699999999,38.895111],[-76.971497,38.895711],[-76.969597,38.897511],[-76.969397,38.897911],[-76.968897,38.897811],[-76.96569699999999,38.897310999999995],[-76.962097,38.896811],[-76.961635,38.896719],[-76.96164499999999,38.8964],[-76.96182999999999,38.895106],[-76.963186,38.891593],[-76.963597,38.889697],[-76.96688499999999,38.885222],[-76.969897,38.882512],[-76.971597,38.880511999999996],[-76.971597,38.880012],[-76.97169699999999,38.879612],[-76.97429699999999,38.877812],[-76.978197,38.876812],[-76.979517,38.877435999999996],[-76.979846,38.877583],[-76.98012899999999,38.877666],[-76.98019699999999,38.877711999999995],[-76.980797,38.878212],[-76.981297,38.878512],[-76.981442,38.87856],[-76.981897,38.878712],[-76.981397,38.879011999999996],[-76.980797,38.879112],[-76.980735,38.880176],[-76.980735,38.881132],[-76.980735,38.881924999999995],[-76.979297,38.882512],[-76.979044,38.882923],[-76.977397,38.883511999999996],[-76.9774,38.883978],[-76.977397,38.884412],[-76.977397,38.885312],[-76.977397,38.885611999999995],[-76.977397,38.886012],[-76.977397,38.886711999999996],[-76.9774,38.887481],[-76.97738,38.88851],[-76.977397,38.889812],[-76.97676299999999,38.889877],[-76.976475,38.890091999999996],[-76.975037,38.890150999999996],[-76.974256,38.890203],[-76.97429699999999,38.890811],[-76.974497,38.892711],[-76.975197,38.893211],[-76.97639699999999,38.893411],[-76.975201,38.893409],[-76.97509699999999,38.893811],[-76.974497,38.894611],[-76.974097,38.894911]]]}},{"type":"Feature","properties":{"ID":101,"WARD_ID":"01AEFE","POPU":100,"AREA":0.0,"SOC":"RED"},"geometry":{"type":"Polygon","coordinates":[[[-76.98369699999999,38.887012],[-76.983744,38.886168],[-76.98373099999999,38.885177999999996],[-76.983797,38.883911999999995],[-76.983797,38.882512],[-76.983797,38.881812],[-76.983813,38.881059],[-76.98379299999999,38.880825],[-76.983752,38.879618],[-76.985297,38.880212],[-76.985997,38.880511999999996],[-76.987622,38.881032],[-76.98839699999999,38.881312],[-76.990315,38.8821],[-76.991597,38.882512],[-76.99269,38.883046],[-76.993862,38.883488],[-76.993903,38.883941],[-76.99389699999999,38.884312],[-76.99269699999999,38.884612],[-76.991621,38.884859999999996],[-76.990347,38.88516],[-76.988329,38.885889999999996],[-76.987285,38.886071],[-76.985497,38.886511999999996],[-76.98369699999999,38.887012]]]}},{"type":"Feature","properties":{"ID":102,"WARD_ID":"01AEFF","POPU":100,"AREA":0.0,"SOC":"UNOCCUPIED"},"geometry":{"type":"Polygon","coordinates":[[[-76.993903,38.884592],[-76.99389699999999,38.884312],[-76.993903,38.883941],[-76.993862,38.883488],[-76.99269,38.883046],[-76.991597,38.882512],[-76.99158,38.881015],[-76.991597,38.879112],[-76.991633,38.878299999999996],[-76.991597,38.878012],[-76.992516,38.878220999999996],[-76.993797,38.878512],[-76.994997,38.878811999999996],[-76.996297,38.879211999999995],[-76.99739799999999,38.879411999999995],[-76.998498,38.879612],[-76.99860799999999,38.879645],[-76.999498,38.879912],[-77.00054899999999,38.880030999999995],[-77.000698,38.880074],[-77.001954,38.880438],[-77.002062,38.880466],[-77.00213099999999,38.880745],[-77.00219799999999,38.881012],[-77.00209799999999,38.882211999999996],[-77.000698,38.882411999999995],[-76.999498,38.882512],[-76.998498,38.882512],[-76.998498,38.883112],[-76.996197,38.883711999999996],[-76.996197,38.884012],[-76.996225,38.884586],[-76.99497099999999,38.884574],[-76.993903,38.884592]]]}},{"type":"Feature","properties":{"ID":103,"WARD_ID":"01AEFG","POPU":50,"AREA":0.0,"SOC":"BLUE"},"geometry":{"type":"Polygon","coordinates":[[[-76.991597,38.877112],[-76.991597,38.877511999999996],[-76.991597,38.878012],[-76.991633,38.878299999999996],[-76.991597,38.879112],[-76.99158,38.881015],[-76.991597,38.882512],[-76.990315,38.8821],[-76.98839699999999,38.881312],[-76.987622,38.881032],[-76.985997,38.880511999999996],[-76.985297,38.880212],[-76.983752,38.879618],[-76.981897,38.878712],[-76.981442,38.87856],[-76.981297,38.878512],[-76.980797,38.878212],[-76.98019699999999,38.877711999999995],[-76.98012899999999,38.877666],[-76.979846,38.877583],[-76.979517,38.877435999999996],[-76.978197,38.876812],[-76.983897,38.874911999999995],[-76.98928699999999,38.871809999999996],[-76.990473,38.871134],[-76.991097,38.872012],[-76.99136299999999,38.872543],[-76.991597,38.873011999999996],[-76.991597,38.874311999999996],[-76.991597,38.87441],[-76.991597,38.875063],[-76.991597,38.876512],[-76.991597,38.877112]]]}},{"type":"Feature","properties":{"ID":104,"WARD_ID":"01AEFH","POPU":100,"AREA":0.0,"SOC":"RED"},"geometry":{"type":"Polygon","coordinates":[[[-76.991097,38.872012],[-76.990473,38.871134],[-76.992597,38.870112],[-76.995497,38.870011999999996],[-77.003498,38.870712],[-77.005698,38.868711999999995],[-77.007498,38.869412],[-77.008898,38.870412],[-77.00899799999999,38.870612],[-77.009098,38.870912],[-77.009259,38.871009],[-77.00939799999999,38.871911999999995],[-77.00939799999999,38.872811999999996],[-77.009098,38.873312],[-77.009098,38.874311999999996],[-77.009098,38.87571],[-77.009098,38.876411999999995],[-77.009098,38.877412],[-77.00899799999999,38.878212],[-77.00899799999999,38.879112],[-77.00899799999999,38.881612],[-77.00859799999999,38.881512],[-77.007055,38.881215],[-77.00599799999999,38.881012],[-77.005828,38.881149],[-77.00569899999999,38.881251999999996],[-77.005541,38.881378999999995],[-77.00362,38.880874999999996],[-77.00330799999999,38.880793],[-77.002062,38.880466],[-77.001954,38.880438],[-77.000698,38.880074],[-77.00054899999999,38.880030999999995],[-76.999498,38.879912],[-76.99860799999999,38.879645],[-76.998498,38.879612],[-76.99739799999999,38.879411999999995],[-76.996297,38.879211999999995],[-76.994997,38.878811999999996],[-76.993797,38.878512],[-76.992516,38.878220999999996],[-76.991597,38.878012],[-76.991597,38.877511999999996],[-76.991597,38.877112],[-76.991597,38.876512],[-76.991597,38.875063],[-76.991597,38.87441],[-76.991597,38.874311999999996],[-76.991597,38.873011999999996],[-76.99136299999999,38.872543],[-76.991097,38.872012]]]}},{"type":"Feature","properties":{"ID":105,"WARD_ID":"01AEFJ","POPU":100,"AREA":0.0,"SOC":"BLUE"},"geometry":{"type":"Polygon","coordinates":[[[-77.017498,38.823913],[-77.017398,38.823212999999996],[-77.017398,38.822513],[-77.017398,38.822313],[-77.017898,38.821113],[-77.018898,38.820813],[-77.02099799999999,38.820913],[-77.021898,38.820913],[-77.02229799999999,38.820913],[-77.027298,38.820813],[-77.038698,38.819513],[-77.039098,38.821413],[-77.040399,38.821712999999995],[-77.040599,38.823313],[-77.038898,38.824213],[-77.038127,38.828452],[-77.03809799999999,38.828612],[-77.039199,38.832212],[-77.04119899999999,38.833712],[-77.042144,38.83378],[-77.042204,38.833784],[-77.042599,38.833812],[-77.043499,38.833211999999996],[-77.044899,38.834711999999996],[-77.04499899999999,38.838512],[-77.045999,38.841311999999995],[-77.04419899999999,38.840212],[-77.041699,38.840212],[-77.038575,38.840738],[-77.032798,38.841712],[-77.03169799999999,38.850511999999995],[-77.0218,38.856156],[-77.020298,38.857012],[-77.015698,38.859912],[-77.009198,38.863412],[-77.008198,38.864112],[-77.005698,38.868711999999995],[-77.003798,38.867912],[-77.003098,38.867712],[-77.002798,38.867512],[-77.002298,38.867412],[-77.001398,38.866312],[-77.001398,38.865012],[-77.001598,38.864612],[-77.001598,38.864312],[-77.002528,38.862027999999995],[-77.002698,38.861612],[-77.00339799999999,38.860712],[-77.003798,38.860012],[-77.00599799999999,38.852812],[-77.007598,38.850012],[-77.007882,38.848020999999996],[-77.00809799999999,38.846512],[-77.00809799999999,38.846212],[-77.00809799999999,38.845212],[-77.008198,38.844311999999995],[-77.008198,38.844012],[-77.008398,38.841812],[-77.009298,38.839411999999996],[-77.009798,38.838712],[-77.00989799999999,38.838712],[-77.01329799999999,38.834612],[-77.016098,38.830912],[-77.016998,38.829612],[-77.017398,38.829212999999996],[-77.017398,38.828413],[-77.017398,38.824413],[-77.017498,38.823913]]]}},{"type":"Feature","properties":{"ID":106,"WARD_ID":"01AEFK","POPU":50,"AREA":0.0,"SOC":"RED"},"geometry":{"type":"Polygon","coordinates":[[[-77.008398,38.841812],[-77.008198,38.844012],[-77.008198,38.844311999999995],[-77.00809799999999,38.845212],[-77.00809799999999,38.846212],[-77.00809799999999,38.846512],[-77.007882,38.848020999999996],[-77.007598,38.850012],[-77.00599799999999,38.852812],[-77.005698,38.852412],[-76.999297,38.848611999999996],[-76.99739699999999,38.848512],[-76.99609699999999,38.848411999999996],[-76.995997,38.848012],[-76.995997,38.847311999999995],[-76.99609699999999,38.846612],[-76.995497,38.846212],[-76.995147,38.846021],[-76.99439699999999,38.845611999999996],[-76.993597,38.845112],[-76.993197,38.845012],[-76.992297,38.844311999999995],[-76.992097,38.844212],[-76.992397,38.844111999999996],[-76.99309699999999,38.844012],[-76.993397,38.843911999999996],[-76.993997,38.843812],[-76.994497,38.843812],[-76.995097,38.843712],[-76.99569699999999,38.843612],[-76.997597,38.843212],[-76.998297,38.843112],[-76.999297,38.843012],[-77.000097,38.843112],[-77.00039699999999,38.843012],[-77.000697,38.842912],[-77.001297,38.842811999999995],[-77.00249699999999,38.842312],[-77.00299799999999,38.841712],[-77.003298,38.841412],[-77.004098,38.840512],[-77.004198,38.840212],[-77.004798,38.839611999999995],[-77.005798,38.838111999999995],[-77.006198,38.837711999999996],[-77.007598,38.836112],[-77.008398,38.837612],[-77.00899799999999,38.838412],[-77.009198,38.838712],[-77.009298,38.839411999999996],[-77.008398,38.841812]]]}},{"type":"Feature","properties":{"ID":107,"WARD_ID":"01AEFL","POPU":100,"AREA":0.0,"SOC":"UNOCCUPIED"},"geometry":{"type":"Polygon","coordinates":[[[-76.980397,38.845512],[-76.979197,38.843212],[-76.978597,38.842112],[-76.976897,38.842211999999996],[-76.975297,38.842712],[-76.973297,38.843112],[-76.975397,38.841412],[-76.976584,38.840554999999995],[-76.97719699999999,38.840112],[-76.977401,38.839908],[-76.979497,38.837812],[-76.980997,38.836712],[-76.982565,38.835528],[-76.984697,38.834112],[-76.98539699999999,38.834911999999996],[-76.986997,38.836411999999996],[-76.987175,38.836723],[-76.987397,38.837112],[-76.987697,38.837412],[-76.987997,38.838012],[-76.988097,38.838311999999995],[-76.988197,38.838712],[-76.98879699999999,38.838912],[-76.98919699999999,38.838612],[-76.991697,38.838311999999995],[-76.992397,38.837711999999996],[-76.993197,38.837612],[-76.993397,38.839012],[-76.993597,38.840012],[-76.99349699999999,38.840612],[-76.993797,38.842411999999996],[-76.993997,38.843812],[-76.993397,38.843911999999996],[-76.99309699999999,38.844012],[-76.992397,38.844111999999996],[-76.992097,38.844212],[-76.991497,38.844311999999995],[-76.990397,38.844412],[-76.989097,38.844712],[-76.988297,38.844812],[-76.984797,38.845712],[-76.984197,38.845912],[-76.983297,38.846212],[-76.982697,38.846312],[-76.981197,38.846612],[-76.980397,38.845512]]]}},{"type":"Feature","properties":{"ID":108,"WARD_ID":"01AEFM","POPU":100,"AREA":0.0,"SOC":"BLUE"},"geometry":{"type":"Polygon","coordinates":[[[-77.020798,38.805713],[-77.021998,38.804713],[-77.02569799999999,38.801812999999996],[-77.036498,38.793012999999995],[-77.038598,38.791512999999995],[-77.038698,38.793012999999995],[-77.038798,38.797112999999996],[-77.038898,38.797413],[-77.038898,38.800813],[-77.038698,38.801612999999996],[-77.03849799999999,38.802713],[-77.037998,38.805113],[-77.037098,38.809312999999996],[-77.036256,38.812937999999995],[-77.035798,38.814913],[-77.03809799999999,38.815613],[-77.038698,38.819513],[-77.027298,38.820813],[-77.02229799999999,38.820913],[-77.021898,38.820913],[-77.02099799999999,38.820913],[-77.018898,38.820813],[-77.017898,38.821113],[-77.017398,38.822313],[-77.017398,38.822513],[-77.017398,38.823212999999996],[-77.017498,38.823913],[-77.017198,38.823913],[-77.01629799999999,38.823813],[-77.015855,38.823741],[-77.012598,38.823212999999996],[-77.012098,38.822113],[-77.011398,38.822913],[-77.010898,38.821013],[-77.01069799999999,38.820012999999996],[-77.01069799999999,38.819413],[-77.010598,38.817113],[-77.01109799999999,38.816513],[-77.01109799999999,38.816213],[-77.00899799999999,38.816213],[-77.00939799999999,38.815613],[-77.009098,38.815013],[-77.015598,38.809813],[-77.020798,38.805713]]]}},{"type":"Feature","properties":{"ID":109,"WARD_ID":"01AEFN","POPU":50,"AREA":0.0,"SOC":"RED"},"geometry":{"type":"Polygon","coordinates":[[[-77.001598,38.864312],[-77.001598,38.864612],[-77.001398,38.865012],[-77.001398,38.866312],[-77.002298,38.867412],[-77.002798,38.867512],[-77.003098,38.867712],[-77.003798,38.867912],[-77.005698,38.868711999999995],[-77.003498,38.870712],[-76.995497,38.870011999999996],[-76.992597,38.870112],[-76.990473,38.871134],[-76.989997,38.870512],[-76.98969699999999,38.870312],[-76.98919699999999,38.869912],[-76.98879699999999,38.869312],[-76.988597,38.868812],[-76.98839699999999,38.868212],[-76.988484,38.86815],[-76.989097,38.867712],[-76.990133,38.866811],[-76.991569,38.865561],[-76.99232599999999,38.864902],[-76.99232099999999,38.864894],[-76.992282,38.864830999999995],[-76.991897,38.864211999999995],[-76.99139699999999,38.864011999999995],[-76.99089699999999,38.863412],[-76.991097,38.863312],[-76.99219699999999,38.862912],[-76.99349699999999,38.861612],[-76.994097,38.860611999999996],[-76.993397,38.858912],[-76.993197,38.858512],[-76.993197,38.855212],[-76.99179699999999,38.853712],[-76.992097,38.853511999999995],[-76.995997,38.856012],[-76.998497,38.857611999999996],[-77.002498,38.860012],[-77.002698,38.860112],[-77.002898,38.860312],[-77.00299799999999,38.860412],[-77.00339799999999,38.860712],[-77.002698,38.861612],[-77.002528,38.862027999999995],[-77.001598,38.864312]]]}},{"type":"Feature","properties":{"ID":110,"WARD_ID":"01AEFP","POPU":100,"AREA":0.0,"SOC":"BLUE"},"geometry":{"type":"Polygon","coordinates":[[[-76.980397,38.845512],[-76.981197,38.846612],[-76.980297,38.846911999999996],[-76.97899699999999,38.847612],[-76.978697,38.847812],[-76.97809699999999,38.848512],[-76.976197,38.850511999999995],[-76.974897,38.850912],[-76.974097,38.851212],[-76.973697,38.851312],[-76.973297,38.851312],[-76.97249699999999,38.851512],[-76.96949699999999,38.849512],[-76.968114,38.849067],[-76.966653,38.848935999999995],[-76.96519599999999,38.849312],[-76.965696,38.848811999999995],[-76.966397,38.848212],[-76.967497,38.848312],[-76.967717,38.848326],[-76.96909699999999,38.848411999999996],[-76.96999699999999,38.848212],[-76.97079699999999,38.848112],[-76.972597,38.847511999999995],[-76.973897,38.847111999999996],[-76.975197,38.846911999999996],[-76.976897,38.846712],[-76.978297,38.846312],[-76.979497,38.845811999999995],[-76.980397,38.845512]]]}},{"type":"Feature","properties":{"ID":111,"WARD_ID":"01AEFQ","POPU":100,"AREA":0.0,"SOC":"RED"},"geometry":{"type":"Polygon","coordinates":[[[-76.986297,38.850012],[-76.992097,38.853511999999995],[-76.99179699999999,38.853712],[-76.990397,38.853311999999995],[-76.985697,38.852812],[-76.982997,38.853412],[-76.978397,38.854312],[-76.97703899999999,38.854335],[-76.97587999999999,38.853741],[-76.975797,38.853712],[-76.973805,38.852250999999995],[-76.97249699999999,38.851512],[-76.973297,38.851312],[-76.973697,38.851312],[-76.974097,38.851212],[-76.974897,38.850912],[-76.976197,38.850511999999995],[-76.97809699999999,38.848512],[-76.978697,38.847812],[-76.97899699999999,38.847612],[-76.980297,38.846911999999996],[-76.981197,38.846612],[-76.982697,38.846312],[-76.983297,38.846212],[-76.984197,38.845912],[-76.984797,38.845712],[-76.988297,38.844812],[-76.989097,38.844712],[-76.988897,38.844912],[-76.98499699999999,38.849112],[-76.986297,38.850012]]]}},{"type":"Feature","properties":{"ID":112,"WARD_ID":"01AEFR","POPU":50,"AREA":0.0,"SOC":"UNOCCUPIED"},"geometry":{"type":"Polygon","coordinates":[[[-76.988097,38.858512],[-76.986997,38.857412],[-76.986797,38.856311999999996],[-76.985697,38.854712],[-76.983297,38.853712],[-76.982997,38.853412],[-76.985697,38.852812],[-76.990397,38.853311999999995],[-76.99179699999999,38.853712],[-76.993197,38.855212],[-76.993197,38.858512],[-76.992997,38.858512],[-76.991597,38.858512],[-76.988097,38.858512]]]}},{"type":"Feature","properties":{"ID":113,"WARD_ID":"01AEFS","POPU":100,"AREA":0.0,"SOC":"BLUE"},"geometry":{"type":"Polygon","coordinates":[[[-76.985597,38.858812],[-76.985297,38.858512],[-76.984797,38.858412],[-76.984297,38.858112],[-76.983297,38.857412],[-76.982697,38.856912],[-76.98199699999999,38.857112],[-76.980497,38.857412],[-76.980097,38.857412],[-76.97939699999999,38.857412],[-76.978697,38.857412],[-76.977797,38.857512],[-76.976697,38.857412],[-76.975731,38.856767999999995],[-76.97627399999999,38.856108],[-76.975719,38.855793],[-76.974514,38.855035],[-76.97587999999999,38.853741],[-76.97703899999999,38.854335],[-76.978397,38.854312],[-76.982997,38.853412],[-76.983297,38.853712],[-76.985697,38.854712],[-76.986797,38.856311999999996],[-76.986997,38.857412],[-76.988097,38.858512],[-76.991597,38.858512],[-76.992997,38.858512],[-76.993197,38.858512],[-76.993397,38.858912],[-76.994097,38.860611999999996],[-76.99349699999999,38.861612],[-76.99219699999999,38.862912],[-76.991097,38.863312],[-76.990297,38.862612],[-76.98839699999999,38.860712],[-76.987797,38.860412],[-76.987597,38.860212],[-76.986897,38.859711999999995],[-76.98619699999999,38.859212],[-76.985597,38.858812]]]}},{"type":"Feature","properties":{"ID":114,"WARD_ID":"01AEFT","POPU":100,"AREA":0.0,"SOC":"RED"},"geometry":{"type":"Polygon","coordinates":[[[-76.969797,38.853111999999996],[-76.969897,38.852812],[-76.969297,38.852112],[-76.96909699999999,38.851912],[-76.968597,38.851611999999996],[-76.96779699999999,38.851411999999996],[-76.96649699999999,38.851312],[-76.96559599999999,38.850511999999995],[-76.964996,38.850912],[-76.965496,38.852412],[-76.963196,38.850912],[-76.964496,38.849812],[-76.96519599999999,38.849312],[-76.966653,38.848935999999995],[-76.968114,38.849067],[-76.96949699999999,38.849512],[-76.97249699999999,38.851512],[-76.973805,38.852250999999995],[-76.975797,38.853712],[-76.97587999999999,38.853741],[-76.974514,38.855035],[-76.975719,38.855793],[-76.97627399999999,38.856108],[-76.975731,38.856767999999995],[-76.975166,38.856366],[-76.974897,38.856612],[-76.973197,38.855412],[-76.971397,38.857012],[-76.969797,38.855512],[-76.969697,38.855312],[-76.969797,38.854611999999996],[-76.969797,38.853683],[-76.969797,38.853111999999996]]]}},{"type":"Feature","properties":{"ID":115,"WARD_ID":"01AEFU","POPU":50,"AREA":0.0,"SOC":"BLUE"},"geometry":{"type":"Polygon","coordinates":[[[-76.97079699999999,38.845012],[-76.971497,38.844412],[-76.972397,38.843911999999996],[-76.973297,38.843112],[-76.975297,38.842712],[-76.976897,38.842211999999996],[-76.978597,38.842112],[-76.979197,38.843212],[-76.980397,38.845512],[-76.979497,38.845811999999995],[-76.978297,38.846312],[-76.976897,38.846712],[-76.975197,38.846911999999996],[-76.973897,38.847111999999996],[-76.972597,38.847511999999995],[-76.97079699999999,38.848112],[-76.96999699999999,38.848212],[-76.96909699999999,38.848411999999996],[-76.967717,38.848326],[-76.967497,38.848312],[-76.966397,38.848212],[-76.96649699999999,38.848112],[-76.967497,38.847412],[-76.96829699999999,38.846812],[-76.969197,38.846112],[-76.96949699999999,38.846012],[-76.96999699999999,38.845512],[-76.97079699999999,38.845012]]]}},{"type":"Feature","properties":{"ID":116,"WARD_ID":"01AEFW","POPU":100,"AREA":0.0,"SOC":"RED"},"geometry":{"type":"Polygon","coordinates":[[[-76.969797,38.853683],[-76.969797,38.854611999999996],[-76.969697,38.855312],[-76.969797,38.855512],[-76.971397,38.857012],[-76.973197,38.855412],[-76.974897,38.856612],[-76.974097,38.857512],[-76.974998,38.857912999999996],[-76.974397,38.858712],[-76.97339699999999,38.859612],[-76.974897,38.860512],[-76.97312699999999,38.862840999999996],[-76.97299699999999,38.863012],[-76.972897,38.863112],[-76.971097,38.862311999999996],[-76.969297,38.861312],[-76.968597,38.860811999999996],[-76.967997,38.860312],[-76.967997,38.858912],[-76.967997,38.858512],[-76.967697,38.858112],[-76.967197,38.857212],[-76.96699699999999,38.856912],[-76.965797,38.855212],[-76.965396,38.854712],[-76.962696,38.852212],[-76.96179599999999,38.852112],[-76.963196,38.850912],[-76.965496,38.852412],[-76.964996,38.850912],[-76.96559599999999,38.850511999999995],[-76.96649699999999,38.851312],[-76.96779699999999,38.851411999999996],[-76.968597,38.851611999999996],[-76.96909699999999,38.851912],[-76.969297,38.852112],[-76.969897,38.852812],[-76.969797,38.853111999999996],[-76.969797,38.853683]]]}},{"type":"Feature","properties":{"ID":117,"WARD_ID":"01AEFX","POPU":100,"AREA":0.0,"SOC":"UNOCCUPIED"},"geometry":{"type":"Polygon","coordinates":[[[-76.982897,38.863712],[-76.98279699999999,38.862711999999995],[-76.982497,38.861312],[-76.982908,38.860952],[-76.983297,38.860611999999996],[-76.984697,38.860611999999996],[-76.986097,38.860512],[-76.986797,38.860512],[-76.987597,38.860512],[-76.987797,38.860412],[-76.98839699999999,38.860712],[-76.990297,38.862612],[-76.991097,38.863312],[-76.99089699999999,38.863412],[-76.99139699999999,38.864011999999995],[-76.991897,38.864211999999995],[-76.992282,38.864830999999995],[-76.99232099999999,38.864894],[-76.99232599999999,38.864902],[-76.991569,38.865561],[-76.990133,38.866811],[-76.989097,38.867712],[-76.988597,38.867312],[-76.98709699999999,38.866912],[-76.985097,38.866512],[-76.984597,38.866512],[-76.983297,38.866212],[-76.983497,38.865311999999996],[-76.982297,38.865012],[-76.982697,38.864512],[-76.982897,38.863712]]]}},{"type":"Feature","properties":{"ID":118,"WARD_ID":"01AEFY","POPU":50,"AREA":0.0,"SOC":"BLUE"},"geometry":{"type":"Polygon","coordinates":[[[-76.983297,38.860611999999996],[-76.982908,38.860952],[-76.982497,38.861312],[-76.98279699999999,38.862711999999995],[-76.982897,38.863712],[-76.982697,38.864512],[-76.982297,38.865012],[-76.983497,38.865311999999996],[-76.983297,38.866212],[-76.98239699999999,38.866212],[-76.98199699999999,38.866112],[-76.980897,38.865912],[-76.979697,38.865612],[-76.97899699999999,38.865511999999995],[-76.977397,38.865012],[-76.97679699999999,38.864812],[-76.976097,38.864612],[-76.975597,38.864412],[-76.97429699999999,38.863712],[-76.972897,38.863112],[-76.97299699999999,38.863012],[-76.97312699999999,38.862840999999996],[-76.974897,38.860512],[-76.97339699999999,38.859612],[-76.974397,38.858712],[-76.974998,38.857912999999996],[-76.974097,38.857512],[-76.974897,38.856612],[-76.975166,38.856366],[-76.975731,38.856767999999995],[-76.976697,38.857412],[-76.977797,38.857512],[-76.978697,38.857412],[-76.97939699999999,38.857412],[-76.980097,38.857412],[-76.980497,38.857412],[-76.98199699999999,38.857112],[-76.982697,38.856912],[-76.983297,38.857412],[-76.984297,38.858112],[-76.984797,38.858412],[-76.985297,38.858512],[-76.985597,38.858812],[-76.98619699999999,38.859212],[-76.986897,38.859711999999995],[-76.987597,38.860212],[-76.987797,38.860412],[-76.987597,38.860512],[-76.986797,38.860512],[-76.986097,38.860512],[-76.984697,38.860611999999996],[-76.983297,38.860611999999996]]]}},{"type":"Feature","properties":{"ID":119,"WARD_ID":"01AEFZ","POPU":100,"AREA":0.0,"SOC":"RED"},"geometry":{"type":"Polygon","coordinates":[[[-76.971097,38.868111999999996],[-76.972297,38.868111999999996],[-76.973597,38.868012],[-76.974897,38.868111999999996],[-76.977397,38.868111999999996],[-76.979197,38.868111999999996],[-76.98084399999999,38.868111999999996],[-76.980927,38.868122],[-76.981079,38.868100999999996],[-76.98130499999999,38.867962999999996],[-76.981602,38.867782],[-76.98239699999999,38.867612],[-76.982697,38.867412],[-76.983297,38.867112],[-76.984597,38.866512],[-76.985097,38.866512],[-76.98709699999999,38.866912],[-76.988597,38.867312],[-76.989097,38.867712],[-76.988484,38.86815],[-76.98839699999999,38.868212],[-76.988597,38.868812],[-76.98879699999999,38.869312],[-76.98919699999999,38.869912],[-76.98969699999999,38.870312],[-76.989997,38.870512],[-76.990473,38.871134],[-76.98928699999999,38.871809999999996],[-76.983897,38.874911999999995],[-76.978197,38.876812],[-76.97700999999999,38.876261],[-76.976697,38.876112],[-76.976197,38.875912],[-76.97549699999999,38.875612],[-76.974497,38.875212],[-76.973997,38.874911999999995],[-76.973597,38.874812],[-76.97299699999999,38.874511999999996],[-76.972597,38.874311999999996],[-76.971497,38.873912],[-76.970897,38.873612],[-76.970897,38.873211999999995],[-76.970997,38.872212],[-76.970997,38.871311999999996],[-76.970997,38.870612],[-76.970997,38.869312],[-76.971097,38.868111999999996]]]}},{"type":"Feature","properties":{"ID":120,"WARD_ID":"01AFFA","POPU":100,"AREA":0.0,"SOC":"BLUE"},"geometry":{"type":"Polygon","coordinates":[[[-76.957996,38.855011999999995],[-76.96179599999999,38.852112],[-76.962696,38.852212],[-76.965396,38.854712],[-76.965797,38.855212],[-76.96699699999999,38.856912],[-76.967197,38.857212],[-76.967697,38.858112],[-76.967997,38.858512],[-76.967997,38.858912],[-76.96649699999999,38.860212],[-76.964597,38.860811999999996],[-76.96299599999999,38.861312],[-76.962096,38.861712],[-76.961396,38.861812],[-76.960396,38.861912],[-76.95999599999999,38.861912],[-76.95879599999999,38.862111999999996],[-76.95749599999999,38.862311999999996],[-76.957196,38.862311999999996],[-76.956831,38.862555],[-76.95659599999999,38.862711999999995],[-76.95619599999999,38.863112],[-76.955396,38.864011999999995],[-76.95496399999999,38.864204],[-76.95359599999999,38.864812],[-76.951996,38.865212],[-76.951296,38.865612],[-76.949996,38.865012],[-76.947496,38.864211999999995],[-76.946696,38.863811999999996],[-76.947796,38.862912],[-76.94889599999999,38.862012],[-76.949696,38.861312],[-76.951067,38.860352],[-76.95165999999999,38.859936999999995],[-76.953696,38.858512],[-76.954796,38.857512],[-76.95529599999999,38.857112],[-76.956096,38.856511999999995],[-76.956796,38.855712],[-76.957996,38.855011999999995]]]}},{"type":"Feature","properties":{"ID":121,"WARD_ID":"01AFFB","POPU":50,"AREA":0.0,"SOC":"RED"},"geometry":{"type":"Polygon","coordinates":[[[-76.970197,38.866412],[-76.970297,38.867112],[-76.971097,38.868111999999996],[-76.970997,38.869312],[-76.970997,38.870612],[-76.970997,38.871311999999996],[-76.970997,38.872212],[-76.970897,38.873211999999995],[-76.970897,38.873612],[-76.970497,38.873411999999995],[-76.96909699999999,38.872811999999996],[-76.967897,38.872212],[-76.967097,38.871911999999995],[-76.96649699999999,38.871812],[-76.96479699999999,38.870912],[-76.963297,38.870512],[-76.96299599999999,38.870412],[-76.961396,38.869512],[-76.960396,38.869312],[-76.958596,38.868412],[-76.95709599999999,38.867912],[-76.956096,38.867512],[-76.953396,38.866412],[-76.952996,38.866312],[-76.951796,38.865812],[-76.951296,38.865612],[-76.951996,38.865212],[-76.95359599999999,38.864812],[-76.95496399999999,38.864204],[-76.955396,38.864011999999995],[-76.95619599999999,38.863112],[-76.95659599999999,38.862711999999995],[-76.956831,38.862555],[-76.957196,38.862311999999996],[-76.95749599999999,38.862311999999996],[-76.95879599999999,38.862111999999996],[-76.95999599999999,38.861912],[-76.960396,38.861912],[-76.961396,38.861812],[-76.962096,38.861712],[-76.96299599999999,38.861312],[-76.964597,38.860811999999996],[-76.96649699999999,38.860212],[-76.967997,38.858912],[-76.967997,38.860312],[-76.968597,38.860811999999996],[-76.969697,38.862711999999995],[-76.97039699999999,38.863712],[-76.97079699999999,38.864211999999995],[-76.97050399999999,38.865308999999996],[-76.97035699999999,38.865837],[-76.970197,38.866412]]]}},{"type":"Feature","properties":{"ID":122,"WARD_ID":"01AFFC","POPU":100,"AREA":0.0,"SOC":"UNOCCUPIED"},"geometry":{"type":"Polygon","coordinates":[[[-76.983297,38.867112],[-76.982697,38.867412],[-76.98239699999999,38.867612],[-76.981602,38.867782],[-76.98130499999999,38.867962999999996],[-76.981079,38.868100999999996],[-76.980927,38.868122],[-76.98084399999999,38.868111999999996],[-76.979197,38.868111999999996],[-76.977397,38.868111999999996],[-76.974897,38.868111999999996],[-76.973597,38.868012],[-76.972297,38.868111999999996],[-76.971097,38.868111999999996],[-76.970297,38.867112],[-76.970197,38.866412],[-76.97035699999999,38.865837],[-76.97050399999999,38.865308999999996],[-76.97079699999999,38.864211999999995],[-76.97039699999999,38.863712],[-76.969697,38.862711999999995],[-76.968597,38.860811999999996],[-76.969297,38.861312],[-76.971097,38.862311999999996],[-76.972897,38.863112],[-76.97429699999999,38.863712],[-76.975597,38.864412],[-76.976097,38.864612],[-76.97679699999999,38.864812],[-76.977397,38.865012],[-76.97899699999999,38.865511999999995],[-76.979697,38.865612],[-76.980897,38.865912],[-76.98199699999999,38.866112],[-76.98239699999999,38.866212],[-76.983297,38.866212],[-76.984597,38.866512],[-76.983297,38.867112]]]}},{"type":"Feature","properties":{"ID":123,"WARD_ID":"01AFFD","POPU":100,"AREA":0.0,"SOC":"BLUE"},"geometry":{"type":"Polygon","coordinates":[[[-76.953896,38.888611999999995],[-76.953296,38.889612],[-76.953096,38.889911999999995],[-76.951996,38.889812],[-76.951296,38.889812],[-76.950696,38.889812],[-76.95019599999999,38.889812],[-76.94929599999999,38.889711999999996],[-76.94719599999999,38.889812],[-76.944996,38.889812],[-76.944396,38.889911999999995],[-76.942596,38.889812],[-76.940296,38.889711999999996],[-76.939996,38.889612],[-76.93819599999999,38.889612],[-76.938812,38.88915],[-76.939796,38.888411999999995],[-76.940196,38.887412],[-76.940596,38.886612],[-76.940596,38.885712],[-76.940896,38.884812],[-76.94159599999999,38.883412],[-76.941896,38.883212],[-76.94249599999999,38.882411999999995],[-76.94289599999999,38.882011999999996],[-76.94379599999999,38.881612],[-76.944696,38.881012],[-76.945596,38.880612],[-76.94589599999999,38.881512],[-76.946696,38.882712],[-76.949596,38.882912],[-76.95149599999999,38.883312],[-76.953996,38.883612],[-76.956296,38.883612],[-76.95659599999999,38.883612],[-76.957396,38.883612],[-76.956896,38.884312],[-76.955696,38.885912],[-76.955096,38.886711999999996],[-76.95449599999999,38.887512],[-76.953896,38.888611999999995]]]}},{"type":"Feature","properties":{"ID":124,"WARD_ID":"01AFFE","POPU":50,"AREA":0.0,"SOC":"RED"},"geometry":{"type":"Polygon","coordinates":[[[-76.936196,38.873512],[-76.937096,38.873812],[-76.937218,38.873897],[-76.938096,38.874511999999996],[-76.938996,38.874911999999995],[-76.939595,38.875327],[-76.94159599999999,38.876712],[-76.942796,38.876812],[-76.944796,38.879112],[-76.944696,38.879011999999996],[-76.943996,38.879411999999995],[-76.943196,38.880012],[-76.942396,38.880511999999996],[-76.940496,38.880311999999996],[-76.939296,38.880212],[-76.935996,38.880212],[-76.93519599999999,38.880511999999996],[-76.932996,38.881412],[-76.931596,38.881512],[-76.931101,38.881166],[-76.930596,38.880812],[-76.929496,38.880612],[-76.926896,38.880812],[-76.925095,38.881012],[-76.924495,38.881212],[-76.92569499999999,38.880212],[-76.92586,38.880075],[-76.928096,38.878212],[-76.92969599999999,38.876812],[-76.93089599999999,38.875912],[-76.931496,38.875612],[-76.932396,38.874812],[-76.933696,38.873812],[-76.934296,38.873411999999995],[-76.934896,38.872912],[-76.936196,38.873512]]]}},{"type":"Feature","properties":{"ID":125,"WARD_ID":"01AFFF","POPU":100,"AREA":0.0,"SOC":"BLUE"},"geometry":{"type":"Polygon","coordinates":[[[-76.958496,38.889711999999996],[-76.957796,38.889812],[-76.957196,38.889812],[-76.956796,38.889812],[-76.955996,38.889911999999995],[-76.953096,38.889911999999995],[-76.953296,38.889612],[-76.953896,38.888611999999995],[-76.95449599999999,38.887512],[-76.955096,38.886711999999996],[-76.955696,38.885912],[-76.956896,38.884312],[-76.957396,38.883612],[-76.958096,38.882712],[-76.958596,38.882011999999996],[-76.95879599999999,38.881712],[-76.960396,38.881412],[-76.96175099999999,38.88175],[-76.962397,38.881912],[-76.96309699999999,38.881912],[-76.963297,38.881912],[-76.963697,38.881712],[-76.964497,38.881612],[-76.966697,38.881212],[-76.967897,38.881412],[-76.970297,38.880812],[-76.971597,38.880012],[-76.971597,38.880511999999996],[-76.969897,38.882512],[-76.96688499999999,38.885222],[-76.963597,38.889697],[-76.96246699999999,38.889694],[-76.959696,38.889711999999996],[-76.959096,38.889711999999996],[-76.958496,38.889711999999996]]]}},{"type":"Feature","properties":{"ID":126,"WARD_ID":"01AFFG","POPU":100,"AREA":0.0,"SOC":"RED"},"geometry":{"type":"Polygon","coordinates":[[[-76.97299699999999,38.874511999999996],[-76.973597,38.874812],[-76.973997,38.874911999999995],[-76.974497,38.875212],[-76.97549699999999,38.875612],[-76.976197,38.875912],[-76.976697,38.876112],[-76.97700999999999,38.876261],[-76.978197,38.876812],[-76.97429699999999,38.877812],[-76.97169699999999,38.879612],[-76.971597,38.880012],[-76.970297,38.880812],[-76.967897,38.881412],[-76.966697,38.881212],[-76.964497,38.881612],[-76.963697,38.881712],[-76.963297,38.881912],[-76.96309699999999,38.881912],[-76.962397,38.881912],[-76.96175099999999,38.88175],[-76.960396,38.881412],[-76.95879599999999,38.881712],[-76.959896,38.880112],[-76.961096,38.878612],[-76.961996,38.877711999999995],[-76.962897,38.877311999999996],[-76.963397,38.877012],[-76.96479699999999,38.876211999999995],[-76.96479699999999,38.875412],[-76.96479699999999,38.874711999999995],[-76.964897,38.874412],[-76.964897,38.873712],[-76.96479699999999,38.872811999999996],[-76.96479699999999,38.871812],[-76.96479699999999,38.870912],[-76.96649699999999,38.871812],[-76.967097,38.871911999999995],[-76.967897,38.872212],[-76.96909699999999,38.872811999999996],[-76.970497,38.873411999999995],[-76.970897,38.873612],[-76.971497,38.873912],[-76.972597,38.874311999999996],[-76.97299699999999,38.874511999999996]]]}},{"type":"Feature","properties":{"ID":127,"WARD_ID":"01AFFH","POPU":50,"AREA":0.0,"SOC":"UNOCCUPIED"},"geometry":{"type":"Polygon","coordinates":[[[-76.93909599999999,38.898610999999995],[-76.93909599999999,38.898311],[-76.936596,38.898311],[-76.936696,38.897511],[-76.935696,38.897211],[-76.934896,38.895711],[-76.934896,38.894911],[-76.934896,38.894211999999996],[-76.934896,38.893612],[-76.934996,38.892812],[-76.934896,38.891812],[-76.934896,38.890212],[-76.934896,38.889711999999996],[-76.936196,38.889711999999996],[-76.93739599999999,38.889711999999996],[-76.937596,38.890111999999995],[-76.937896,38.890512],[-76.93909599999999,38.891411999999995],[-76.940296,38.891912],[-76.94064,38.892084],[-76.940896,38.892212],[-76.942696,38.892812],[-76.94459599999999,38.893412],[-76.946696,38.894011],[-76.947996,38.894611],[-76.948296,38.894811],[-76.949196,38.895111],[-76.950796,38.895410999999996],[-76.95149599999999,38.895610999999995],[-76.94979599999999,38.897011],[-76.94379599999999,38.901210999999996],[-76.94289599999999,38.902011],[-76.942596,38.901810999999995],[-76.93909599999999,38.900411],[-76.939296,38.899710999999996],[-76.939296,38.898911],[-76.93909599999999,38.898610999999995]]]}},{"type":"Feature","properties":{"ID":128,"WARD_ID":"01AFFJ","POPU":100,"AREA":0.0,"SOC":"BLUE"},"geometry":{"type":"Polygon","coordinates":[[[-76.92789599999999,38.891912],[-76.927996,38.890712],[-76.92789599999999,38.889812],[-76.929896,38.889812],[-76.93049599999999,38.889711999999996],[-76.931096,38.889711999999996],[-76.931996,38.889711999999996],[-76.93269599999999,38.889711999999996],[-76.934296,38.889711999999996],[-76.934896,38.889711999999996],[-76.934896,38.890212],[-76.934896,38.891812],[-76.934996,38.892812],[-76.934896,38.893612],[-76.934896,38.894211999999996],[-76.934896,38.894911],[-76.934896,38.895711],[-76.935696,38.897211],[-76.936696,38.897511],[-76.936596,38.898311],[-76.93909599999999,38.898311],[-76.93909599999999,38.898610999999995],[-76.939296,38.898911],[-76.939296,38.899710999999996],[-76.93909599999999,38.900411],[-76.937096,38.899710999999996],[-76.936596,38.899411],[-76.934696,38.898911],[-76.933796,38.898911],[-76.933796,38.899311],[-76.933796,38.899710999999996],[-76.93269599999999,38.899710999999996],[-76.931696,38.899710999999996],[-76.930696,38.899910999999996],[-76.92959599999999,38.900011],[-76.92839599999999,38.899910999999996],[-76.927696,38.899710999999996],[-76.92669599999999,38.899710999999996],[-76.925196,38.899710999999996],[-76.925296,38.899311],[-76.92539599999999,38.898911],[-76.925696,38.898311],[-76.925871,38.897740999999996],[-76.926096,38.897011],[-76.926296,38.896611],[-76.926396,38.896511],[-76.926596,38.895612],[-76.926796,38.895112],[-76.92709599999999,38.894512],[-76.927396,38.893612],[-76.927596,38.892812],[-76.92789599999999,38.891912]]]}},{"type":"Feature","properties":{"ID":129,"WARD_ID":"01AFFK","POPU":100,"AREA":0.0,"SOC":"RED"},"geometry":{"type":"Polygon","coordinates":[[[-76.937696,38.902711],[-76.937996,38.902711],[-76.93909599999999,38.902711],[-76.94039599999999,38.902711],[-76.94123499999999,38.902896999999996],[-76.941296,38.902910999999996],[-76.942596,38.901810999999995],[-76.94289599999999,38.902011],[-76.941296,38.903310999999995],[-76.94078499999999,38.903923],[-76.940347,38.904481],[-76.936796,38.907311],[-76.93495,38.908617],[-76.933399,38.909715],[-76.933318,38.909773],[-76.93305,38.909988],[-76.932896,38.910111],[-76.931696,38.910410999999996],[-76.93139599999999,38.910111],[-76.930396,38.909411],[-76.929496,38.908511],[-76.928596,38.908010999999995],[-76.927696,38.907211],[-76.926773,38.906486],[-76.926296,38.906110999999996],[-76.925096,38.905011],[-76.924596,38.904810999999995],[-76.924396,38.904610999999996],[-76.92359499999999,38.903911],[-76.92489599999999,38.903711],[-76.926396,38.903611],[-76.928596,38.903511],[-76.92969599999999,38.903511],[-76.930596,38.903310999999995],[-76.931696,38.903011],[-76.932796,38.902910999999996],[-76.933796,38.902910999999996],[-76.93479599999999,38.902711],[-76.93559599999999,38.902711],[-76.936796,38.902711],[-76.937696,38.902711]]]}},{"type":"Feature","properties":{"ID":130,"WARD_ID":"01AFFL","POPU":50,"AREA":0.0,"SOC":"BLUE"},"geometry":{"type":"Polygon","coordinates":[[[-76.915595,38.897611],[-76.914695,38.897011],[-76.913895,38.896512],[-76.91369499999999,38.896212],[-76.913095,38.895812],[-76.913595,38.895812],[-76.91459499999999,38.895812],[-76.91499499999999,38.895812],[-76.916395,38.895812],[-76.917695,38.895812],[-76.919095,38.895812],[-76.920395,38.895812],[-76.92189499999999,38.895812],[-76.92319499999999,38.895812],[-76.924373,38.895728],[-76.924595,38.895711999999996],[-76.925091,38.895692],[-76.92533399999999,38.895889],[-76.926296,38.896611],[-76.926096,38.897011],[-76.925871,38.897740999999996],[-76.925696,38.898311],[-76.92539599999999,38.898911],[-76.925296,38.899311],[-76.925196,38.899710999999996],[-76.925096,38.899811],[-76.92489599999999,38.900511],[-76.924596,38.901011],[-76.924396,38.901610999999995],[-76.924196,38.902511],[-76.92409599999999,38.902910999999996],[-76.92359499999999,38.903911],[-76.92257099999999,38.903073],[-76.92139499999999,38.902111],[-76.920795,38.901810999999995],[-76.919995,38.901111],[-76.919795,38.900811],[-76.919395,38.900611],[-76.918195,38.899710999999996],[-76.917695,38.899411],[-76.916795,38.898610999999995],[-76.916195,38.898210999999996],[-76.91589499999999,38.897911],[-76.915595,38.897611]]]}},{"type":"Feature","properties":{"ID":131,"WARD_ID":"01AFFM","POPU":100,"AREA":0.0,"SOC":"RED"},"geometry":{"type":"Polygon","coordinates":[[[-76.92189499999999,38.895812],[-76.920395,38.895812],[-76.919095,38.895812],[-76.917695,38.895812],[-76.916395,38.895812],[-76.91499499999999,38.895812],[-76.91459499999999,38.895812],[-76.913595,38.895812],[-76.913095,38.895812],[-76.912395,38.895412],[-76.912269,38.895302],[-76.91159499999999,38.894712],[-76.91119499999999,38.894411999999996],[-76.910595,38.893912],[-76.909395,38.892812],[-76.910495,38.891912],[-76.910795,38.891712],[-76.91159499999999,38.890912],[-76.91183099999999,38.890794],[-76.912595,38.890412],[-76.912995,38.890111999999995],[-76.91329499999999,38.889812],[-76.913795,38.889812],[-76.914795,38.889812],[-76.917695,38.889711999999996],[-76.919395,38.889812],[-76.92059499999999,38.889812],[-76.922795,38.889711999999996],[-76.923795,38.889711999999996],[-76.92489499999999,38.889711999999996],[-76.925896,38.889711999999996],[-76.926896,38.889711999999996],[-76.92789599999999,38.889812],[-76.927996,38.890712],[-76.92789599999999,38.891912],[-76.927596,38.892812],[-76.927396,38.893612],[-76.92709599999999,38.894512],[-76.926796,38.895112],[-76.926596,38.895612],[-76.926396,38.896511],[-76.926296,38.896611],[-76.92533399999999,38.895889],[-76.925091,38.895692],[-76.924595,38.895711999999996],[-76.924373,38.895728],[-76.92319499999999,38.895812],[-76.92189499999999,38.895812]]]}},{"type":"Feature","properties":{"ID":132,"WARD_ID":"01AFFN","POPU":100,"AREA":0.0,"SOC":"UNOCCUPIED"},"geometry":{"type":"Polygon","coordinates":[[[-76.92409599999999,38.902910999999996],[-76.924196,38.902511],[-76.924396,38.901610999999995],[-76.924596,38.901011],[-76.92489599999999,38.900511],[-76.925096,38.899811],[-76.925196,38.899710999999996],[-76.92669599999999,38.899710999999996],[-76.927696,38.899710999999996],[-76.92839599999999,38.899910999999996],[-76.92959599999999,38.900011],[-76.930696,38.899910999999996],[-76.931696,38.899710999999996],[-76.93269599999999,38.899710999999996],[-76.933796,38.899710999999996],[-76.933796,38.899311],[-76.933796,38.898911],[-76.934696,38.898911],[-76.936596,38.899411],[-76.937096,38.899710999999996],[-76.93909599999999,38.900411],[-76.942596,38.901810999999995],[-76.941296,38.902910999999996],[-76.94123499999999,38.902896999999996],[-76.94039599999999,38.902711],[-76.93909599999999,38.902711],[-76.937996,38.902711],[-76.937696,38.902711],[-76.936796,38.902711],[-76.93559599999999,38.902711],[-76.93479599999999,38.902711],[-76.933796,38.902910999999996],[-76.932796,38.902910999999996],[-76.931696,38.903011],[-76.930596,38.903310999999995],[-76.92969599999999,38.903511],[-76.928596,38.903511],[-76.926396,38.903611],[-76.92489599999999,38.903711],[-76.92359499999999,38.903911],[-76.92409599999999,38.902910999999996]]]}},{"type":"Feature","properties":{"ID":133,"WARD_ID":"01AFFP","POPU":50,"AREA":0.0,"SOC":"BLUE"},"geometry":{"type":"Polygon","coordinates":[[[-76.97679699999999,38.897611],[-76.977097,38.896811],[-76.97719699999999,38.896011],[-76.977397,38.894611],[-76.97742099999999,38.893395999999996],[-76.978284,38.893361999999996],[-76.979106,38.893353999999995],[-76.979846,38.893367],[-76.98083199999999,38.893355],[-76.981223,38.893389],[-76.982291,38.893355],[-76.98375,38.893392999999996],[-76.983797,38.894611],[-76.983792,38.895342],[-76.983797,38.896011],[-76.98377099999999,38.89655],[-76.98377099999999,38.897172999999995],[-76.98377099999999,38.897622],[-76.98369699999999,38.898711],[-76.98369699999999,38.899910999999996],[-76.983297,38.900110999999995],[-76.981597,38.899710999999996],[-76.979297,38.899411],[-76.977497,38.899111],[-76.97639699999999,38.898810999999995],[-76.97679699999999,38.897611]]]}},{"type":"Feature","properties":{"ID":134,"WARD_ID":"01AFFQ","POPU":100,"AREA":0.0,"SOC":"RED"},"geometry":{"type":"Polygon","coordinates":[[[-76.97719699999999,38.896011],[-76.977097,38.896811],[-76.97679699999999,38.897611],[-76.97639699999999,38.898810999999995],[-76.97549699999999,38.898610999999995],[-76.97429699999999,38.898410999999996],[-76.973097,38.898210999999996],[-76.972197,38.898011],[-76.971397,38.897911],[-76.97039699999999,38.898011],[-76.969397,38.897911],[-76.969597,38.897511],[-76.971497,38.895711],[-76.97299699999999,38.895111],[-76.974097,38.894911],[-76.974497,38.894611],[-76.97509699999999,38.893811],[-76.975201,38.893409],[-76.97639699999999,38.893411],[-76.97742099999999,38.893395999999996],[-76.977397,38.894611],[-76.97719699999999,38.896011]]]}},{"type":"Feature","properties":{"ID":135,"WARD_ID":"01AFFR","POPU":100,"AREA":0.0,"SOC":"BLUE"},"geometry":{"type":"Polygon","coordinates":[[[-76.984597,38.893411],[-76.985621,38.893415],[-76.98654499999999,38.893446999999995],[-76.987121,38.893437],[-76.988497,38.893411],[-76.989402,38.893398999999995],[-76.990297,38.893411],[-76.990197,38.894711],[-76.990197,38.895410999999996],[-76.990197,38.896011],[-76.990297,38.897211],[-76.98839699999999,38.898011],[-76.986689,38.898669999999996],[-76.985597,38.899111],[-76.98369699999999,38.899910999999996],[-76.98369699999999,38.898711],[-76.98377099999999,38.897622],[-76.98377099999999,38.897172999999995],[-76.98377099999999,38.89655],[-76.983797,38.896011],[-76.983792,38.895342],[-76.983797,38.894611],[-76.98375,38.893392999999996],[-76.984597,38.893411]]]}},{"type":"Feature","properties":{"ID":136,"WARD_ID":"01AFFS","POPU":50,"AREA":0.0,"SOC":"RED"},"geometry":{"type":"Polygon","coordinates":[[[-76.989402,38.893398999999995],[-76.988497,38.893411],[-76.987121,38.893437],[-76.98654499999999,38.893446999999995],[-76.985621,38.893415],[-76.984597,38.893411],[-76.98375,38.893392999999996],[-76.982291,38.893355],[-76.981223,38.893389],[-76.98083199999999,38.893355],[-76.979846,38.893367],[-76.979106,38.893353999999995],[-76.978284,38.893361999999996],[-76.97742099999999,38.893395999999996],[-76.97639699999999,38.893411],[-76.975197,38.893211],[-76.974497,38.892711],[-76.97429699999999,38.890811],[-76.974256,38.890203],[-76.975037,38.890150999999996],[-76.976475,38.890091999999996],[-76.97676299999999,38.889877],[-76.977397,38.889812],[-76.979044,38.889748999999995],[-76.980797,38.889711999999996],[-76.982297,38.889711],[-76.98369699999999,38.889711],[-76.985579,38.889719],[-76.988416,38.889711999999996],[-76.988354,38.889026],[-76.988897,38.889010999999996],[-76.98969699999999,38.889010999999996],[-76.990297,38.889010999999996],[-76.991621,38.889021],[-76.991642,38.889651],[-76.991597,38.890311],[-76.99009699999999,38.890311],[-76.990166,38.891148],[-76.990224,38.891843],[-76.990245,38.892658],[-76.990297,38.893411],[-76.989402,38.893398999999995]]]}},{"type":"Feature","properties":{"ID":137,"WARD_ID":"01AFFT","POPU":100,"AREA":0.0,"SOC":"UNOCCUPIED"},"geometry":{"type":"Polygon","coordinates":[[[-76.994958,38.891877],[-76.99497199999999,38.89338],[-76.994998,38.894611],[-76.994998,38.895410999999996],[-76.993797,38.895911],[-76.993397,38.896011],[-76.992752,38.896291999999995],[-76.99158,38.896733999999995],[-76.990297,38.897211],[-76.990197,38.896011],[-76.990197,38.895410999999996],[-76.990197,38.894711],[-76.990297,38.893411],[-76.990245,38.892658],[-76.990224,38.891843],[-76.990166,38.891148],[-76.99009699999999,38.890311],[-76.991597,38.890311],[-76.991642,38.889651],[-76.992699,38.889672999999995],[-76.99387,38.889644],[-76.99503299999999,38.889675],[-76.994997,38.890811],[-76.99499899999999,38.8916],[-76.994958,38.891877]]]}},{"type":"Feature","properties":{"ID":138,"WARD_ID":"01AFFU","POPU":100,"AREA":0.0,"SOC":"BLUE"},"geometry":{"type":"Polygon","coordinates":[[[-76.998498,38.889711],[-76.999596,38.889708999999996],[-77.000665,38.889722],[-77.001398,38.889711],[-77.00209799999999,38.889711],[-77.002599,38.889679],[-77.003462,38.889688],[-77.003462,38.89071],[-77.003462,38.891818],[-77.005798,38.890910999999996],[-77.005798,38.891811],[-77.005741,38.893329],[-77.003483,38.893386],[-77.003498,38.894611],[-77.003498,38.895111],[-77.002268,38.894633999999996],[-77.00209799999999,38.894511],[-77.000562,38.894011],[-77.00058299999999,38.893491999999995],[-77.000598,38.893011],[-76.99959799999999,38.893021],[-76.99851,38.893028],[-76.99619799999999,38.892011],[-76.995678,38.891873],[-76.99499899999999,38.8916],[-76.994997,38.890811],[-76.99503299999999,38.889675],[-76.99619799999999,38.889711],[-76.998498,38.889711]]]}},{"type":"Feature","properties":{"ID":139,"WARD_ID":"01AFFW","POPU":50,"AREA":0.0,"SOC":"RED"},"geometry":{"type":"Polygon","coordinates":[[[-77.003498,38.895911],[-77.00352199999999,38.896411],[-77.00348,38.897211],[-77.003498,38.898711],[-77.003498,38.900110999999995],[-77.00219799999999,38.900110999999995],[-77.000598,38.900110999999995],[-76.999596,38.900117],[-76.998498,38.900110999999995],[-76.998466,38.898724],[-76.998498,38.898011],[-76.998498,38.897211],[-76.998498,38.896611],[-76.998487,38.895970999999996],[-76.998498,38.895311],[-76.998466,38.894633],[-76.998498,38.894011],[-76.998498,38.893411],[-76.99851,38.893028],[-76.99959799999999,38.893021],[-77.000598,38.893011],[-77.00058299999999,38.893491999999995],[-77.000562,38.894011],[-77.00209799999999,38.894511],[-77.002268,38.894633999999996],[-77.003498,38.895111],[-77.003498,38.895911]]]}},{"type":"Feature","properties":{"ID":140,"WARD_ID":"01AGFA","POPU":100,"AREA":0.0,"SOC":"BLUE"},"geometry":{"type":"Polygon","coordinates":[[[-76.995678,38.891873],[-76.99619799999999,38.892011],[-76.99851,38.893028],[-76.998498,38.893411],[-76.998498,38.894011],[-76.998466,38.894633],[-76.998498,38.895311],[-76.998487,38.895970999999996],[-76.998498,38.896611],[-76.998498,38.897211],[-76.998498,38.898011],[-76.998466,38.898724],[-76.998498,38.900110999999995],[-76.996298,38.900110999999995],[-76.994998,38.900110999999995],[-76.99503399999999,38.898725],[-76.994998,38.897211],[-76.99499999999999,38.895961],[-76.994998,38.895410999999996],[-76.994998,38.894611],[-76.99497199999999,38.89338],[-76.994958,38.891877],[-76.99499899999999,38.8916],[-76.995678,38.891873]]]}},{"type":"Feature","properties":{"ID":141,"WARD_ID":"01AGFB","POPU":100,"AREA":0.0,"SOC":"RED"},"geometry":{"type":"Polygon","coordinates":[[[-76.985697,38.900011],[-76.984597,38.900211],[-76.983297,38.900110999999995],[-76.98369699999999,38.899910999999996],[-76.985597,38.899111],[-76.986689,38.898669999999996],[-76.98839699999999,38.898011],[-76.990297,38.897211],[-76.99158,38.896733999999995],[-76.992752,38.896291999999995],[-76.993397,38.896011],[-76.993797,38.895911],[-76.994998,38.895410999999996],[-76.99499999999999,38.895961],[-76.994998,38.897211],[-76.99503399999999,38.898725],[-76.994998,38.900110999999995],[-76.993779,38.900099],[-76.99269699999999,38.900110999999995],[-76.991597,38.900110999999995],[-76.990286,38.900112],[-76.98839699999999,38.900110999999995],[-76.987496,38.900110999999995],[-76.98709699999999,38.900110999999995],[-76.985697,38.900011]]]}},{"type":"Feature","properties":{"ID":142,"WARD_ID":"01AGFC","POPU":50,"AREA":0.0,"SOC":"UNOCCUPIED"},"geometry":{"type":"Polygon","coordinates":[[[-76.99269699999999,38.900110999999995],[-76.993779,38.900099],[-76.994998,38.900110999999995],[-76.994993,38.901122],[-76.994998,38.902411],[-76.994993,38.902792999999996],[-76.993798,38.903511],[-76.993498,38.903611],[-76.99309699999999,38.903911],[-76.992397,38.903611],[-76.991197,38.903110999999996],[-76.990265,38.902786],[-76.989649,38.902493],[-76.98839699999999,38.901810999999995],[-76.987597,38.901511],[-76.98683299999999,38.901188999999995],[-76.985997,38.900811],[-76.985497,38.900611],[-76.985297,38.900511],[-76.984597,38.900211],[-76.985697,38.900011],[-76.98709699999999,38.900110999999995],[-76.987496,38.900110999999995],[-76.98839699999999,38.900110999999995],[-76.990286,38.900112],[-76.991597,38.900110999999995],[-76.99269699999999,38.900110999999995]]]}},{"type":"Feature","properties":{"ID":143,"WARD_ID":"01AGFD","POPU":100,"AREA":0.0,"SOC":"BLUE"},"geometry":{"type":"Polygon","coordinates":[[[-77.00339799999999,38.905511],[-77.002298,38.907810999999995],[-77.00209799999999,38.907711],[-77.000598,38.906911],[-76.99959799999999,38.906611],[-76.998498,38.906211],[-76.99659799999999,38.905411],[-76.99619799999999,38.905211],[-76.994998,38.904711],[-76.994698,38.904610999999996],[-76.993798,38.904211],[-76.99309699999999,38.903911],[-76.993498,38.903611],[-76.993798,38.903511],[-76.994993,38.902792999999996],[-76.994998,38.902411],[-76.994993,38.901122],[-76.994998,38.900110999999995],[-76.996298,38.900110999999995],[-76.998498,38.900110999999995],[-76.999596,38.900117],[-77.000598,38.900110999999995],[-77.00219799999999,38.900110999999995],[-77.003498,38.900110999999995],[-77.003501,38.901105],[-77.003598,38.901711],[-77.003598,38.902411],[-77.003598,38.902711],[-77.003698,38.903611],[-77.003598,38.904311],[-77.002898,38.905611],[-77.00339799999999,38.905511]]]}},{"type":"Feature","properties":{"ID":144,"WARD_ID":"01AGFE","POPU":100,"AREA":0.0,"SOC":"RED"},"geometry":{"type":"Polygon","coordinates":[[[-77.003498,38.900110999999995],[-77.003498,38.898711],[-77.00348,38.897211],[-77.004611,38.897211999999996],[-77.004898,38.896811],[-77.00512499999999,38.896477999999995],[-77.005398,38.896011],[-77.005825,38.895824],[-77.006798,38.895711],[-77.007598,38.895911],[-77.00777599999999,38.896392],[-77.007899,38.897023999999995],[-77.00907,38.897434],[-77.00899799999999,38.898810999999995],[-77.008898,38.899511],[-77.00899799999999,38.900110999999995],[-77.00899799999999,38.900611],[-77.00899799999999,38.901210999999996],[-77.009098,38.902411],[-77.009098,38.903611],[-77.009098,38.904511],[-77.00899799999999,38.905611],[-77.009098,38.906310999999995],[-77.009098,38.907311],[-77.009198,38.907511],[-77.009098,38.907810999999995],[-77.009198,38.908511],[-77.009098,38.909611],[-77.00899799999999,38.910410999999996],[-77.00899799999999,38.910711],[-77.00809799999999,38.910211],[-77.006498,38.909611],[-77.00599799999999,38.909411],[-77.005398,38.909211],[-77.00509799999999,38.909110999999996],[-77.004498,38.908711],[-77.00389799999999,38.908511],[-77.00339799999999,38.908211],[-77.002298,38.907810999999995],[-77.00339799999999,38.905511],[-77.002898,38.905611],[-77.003598,38.904311],[-77.003698,38.903611],[-77.003598,38.902711],[-77.003598,38.902411],[-77.003598,38.901711],[-77.003501,38.901105],[-77.003498,38.900110999999995]]]}},{"type":"Feature","properties":{"ID":145,"WARD_ID":"01AGFF","POPU":50,"AREA":0.0,"SOC":"BLUE"},"geometry":{"type":"Polygon","coordinates":[[[-77.007198,38.917511],[-77.005198,38.918110999999996],[-77.003598,38.918811],[-77.003598,38.918011],[-77.003598,38.917511],[-77.003698,38.916810999999996],[-77.003698,38.916211],[-77.003653,38.915807],[-77.003598,38.915310999999996],[-77.003598,38.914711],[-77.003598,38.914010999999995],[-77.003598,38.913211],[-77.003598,38.912510999999995],[-77.004398,38.912510999999995],[-77.004598,38.911811],[-77.004998,38.911010999999995],[-77.00509799999999,38.910111],[-77.005398,38.909211],[-77.00599799999999,38.909411],[-77.006498,38.909611],[-77.00809799999999,38.910211],[-77.00899799999999,38.910711],[-77.00899799999999,38.911010999999995],[-77.009098,38.911111],[-77.009098,38.911711],[-77.009098,38.912611],[-77.009098,38.913211],[-77.009098,38.913911],[-77.009098,38.914711],[-77.009098,38.915510999999995],[-77.009098,38.916111],[-77.009098,38.916711],[-77.008398,38.916810999999996],[-77.007198,38.917511]]]}},{"type":"Feature","properties":{"ID":146,"WARD_ID":"01AGFG","POPU":100,"AREA":0.0,"SOC":"RED"},"geometry":{"type":"Polygon","coordinates":[[[-77.003698,38.916211],[-77.003698,38.916810999999996],[-77.003598,38.917511],[-77.003598,38.918011],[-77.003598,38.918811],[-77.00219799999999,38.919111],[-77.000698,38.919810999999996],[-76.99959799999999,38.920210999999995],[-76.996698,38.921011],[-76.996398,38.921211],[-76.997326,38.919444999999996],[-76.999498,38.915310999999996],[-77.00030699999999,38.913311],[-77.000631,38.912510999999995],[-77.001198,38.911111],[-77.001398,38.910311],[-77.001498,38.909811],[-77.002298,38.907810999999995],[-77.00339799999999,38.908211],[-77.00389799999999,38.908511],[-77.004498,38.908711],[-77.00509799999999,38.909110999999996],[-77.005398,38.909211],[-77.00509799999999,38.910111],[-77.004998,38.911010999999995],[-77.004598,38.911811],[-77.004398,38.912510999999995],[-77.003598,38.912510999999995],[-77.003598,38.913211],[-77.003598,38.914010999999995],[-77.003598,38.914711],[-77.003598,38.915310999999996],[-77.003653,38.915807],[-77.003698,38.916211]]]}},{"type":"Feature","properties":{"ID":147,"WARD_ID":"01AGFH","POPU":100,"AREA":0.0,"SOC":"UNOCCUPIED"},"geometry":{"type":"Polygon","coordinates":[[[-76.983297,38.900110999999995],[-76.984597,38.900211],[-76.985297,38.900511],[-76.985497,38.900611],[-76.985997,38.900811],[-76.98683299999999,38.901188999999995],[-76.987597,38.901511],[-76.98839699999999,38.901810999999995],[-76.989649,38.902493],[-76.990265,38.902786],[-76.991197,38.903110999999996],[-76.992397,38.903611],[-76.99309699999999,38.903911],[-76.99219699999999,38.904711],[-76.99139699999999,38.905511],[-76.990597,38.906310999999995],[-76.99009699999999,38.906711],[-76.989397,38.907211],[-76.988897,38.907711],[-76.987224,38.907044],[-76.985097,38.906110999999996],[-76.98449699999999,38.905811],[-76.982297,38.904810999999995],[-76.982497,38.904511],[-76.981897,38.904211],[-76.980997,38.903911],[-76.980997,38.903611],[-76.981597,38.902611],[-76.982297,38.901610999999995],[-76.982997,38.900711],[-76.983297,38.900110999999995]]]}},{"type":"Feature","properties":{"ID":148,"WARD_ID":"01AGFJ","POPU":50,"AREA":0.0,"SOC":"BLUE"},"geometry":{"type":"Polygon","coordinates":[[[-76.97939699999999,38.916211],[-76.980597,38.915310999999996],[-76.982297,38.913410999999996],[-76.98369699999999,38.912510999999995],[-76.98449699999999,38.911711],[-76.98499699999999,38.911311],[-76.98539699999999,38.910911],[-76.985997,38.910511],[-76.98709699999999,38.909510999999995],[-76.987597,38.909011],[-76.988497,38.908211],[-76.988698,38.907959999999996],[-76.988897,38.907711],[-76.989397,38.907211],[-76.99009699999999,38.906711],[-76.990597,38.906310999999995],[-76.99139699999999,38.905511],[-76.99219699999999,38.904711],[-76.99309699999999,38.903911],[-76.993798,38.904211],[-76.994698,38.904610999999996],[-76.994998,38.904711],[-76.99619799999999,38.905211],[-76.99659799999999,38.905411],[-76.998498,38.906211],[-76.99959799999999,38.906611],[-77.000598,38.906911],[-77.00209799999999,38.907711],[-77.002298,38.907810999999995],[-77.001498,38.909811],[-76.998198,38.910711],[-76.997013,38.911108999999996],[-76.995285,38.911901],[-76.99248999999999,38.913182],[-76.992098,38.913311],[-76.99089699999999,38.913610999999996],[-76.989297,38.914111],[-76.987997,38.914611],[-76.98539699999999,38.915611],[-76.981697,38.916810999999996],[-76.97899699999999,38.917211],[-76.978197,38.917211],[-76.978597,38.916810999999996],[-76.97939699999999,38.916211]]]}},{"type":"Feature","properties":{"ID":149,"WARD_ID":"01AGFK","POPU":100,"AREA":0.0,"SOC":"RED"},"geometry":{"type":"Polygon","coordinates":[[[-76.976097,38.912411],[-76.978697,38.907111],[-76.978897,38.906811],[-76.97899699999999,38.906911],[-76.979997,38.905611],[-76.980097,38.905211],[-76.98019699999999,38.904911],[-76.980597,38.904311],[-76.980997,38.903911],[-76.981897,38.904211],[-76.982497,38.904511],[-76.982297,38.904810999999995],[-76.98449699999999,38.905811],[-76.985097,38.906110999999996],[-76.987224,38.907044],[-76.988897,38.907711],[-76.988698,38.907959999999996],[-76.988497,38.908211],[-76.987597,38.909011],[-76.98709699999999,38.909510999999995],[-76.985997,38.910511],[-76.98539699999999,38.910911],[-76.98499699999999,38.911311],[-76.98449699999999,38.911711],[-76.98369699999999,38.912510999999995],[-76.982297,38.913410999999996],[-76.980597,38.915310999999996],[-76.97939699999999,38.916211],[-76.978597,38.916810999999996],[-76.978197,38.917211],[-76.97809699999999,38.916810999999996],[-76.976897,38.915711],[-76.97639699999999,38.915211],[-76.975297,38.914010999999995],[-76.975797,38.913311],[-76.976097,38.912411]]]}},{"type":"Feature","properties":{"ID":150,"WARD_ID":"01AGFL","POPU":100,"AREA":0.0,"SOC":"BLUE"},"geometry":{"type":"Polygon","coordinates":[[[-76.981597,38.902611],[-76.980997,38.903611],[-76.980997,38.903911],[-76.980597,38.904311],[-76.98019699999999,38.904911],[-76.980097,38.905211],[-76.979997,38.905611],[-76.97899699999999,38.906911],[-76.978897,38.906811],[-76.978697,38.907111],[-76.978397,38.906911],[-76.977897,38.906811],[-76.97719699999999,38.906611],[-76.97639699999999,38.906211],[-76.975197,38.905611],[-76.974097,38.905611],[-76.973297,38.905611],[-76.969897,38.905611],[-76.972397,38.904610999999996],[-76.973197,38.904311],[-76.974097,38.903811],[-76.97639699999999,38.902910999999996],[-76.97769699999999,38.902411],[-76.977997,38.902311],[-76.979097,38.901810999999995],[-76.980997,38.901111],[-76.983297,38.900110999999995],[-76.982997,38.900711],[-76.982297,38.901610999999995],[-76.981597,38.902611]]]}},{"type":"Feature","properties":{"ID":151,"WARD_ID":"01AGFM","POPU":50,"AREA":0.0,"SOC":"RED"},"geometry":{"type":"Polygon","coordinates":[[[-76.97129699999999,38.903511],[-76.97039699999999,38.903511],[-76.97039699999999,38.898011],[-76.971397,38.897911],[-76.972197,38.898011],[-76.973097,38.898210999999996],[-76.97429699999999,38.898410999999996],[-76.97549699999999,38.898610999999995],[-76.97639699999999,38.898810999999995],[-76.977497,38.899111],[-76.979297,38.899411],[-76.981597,38.899710999999996],[-76.983297,38.900110999999995],[-76.980997,38.901111],[-76.979097,38.901810999999995],[-76.977997,38.902311],[-76.97769699999999,38.902411],[-76.97639699999999,38.902910999999996],[-76.974097,38.903811],[-76.973197,38.904311],[-76.972397,38.904610999999996],[-76.971997,38.903711],[-76.97129699999999,38.903511]]]}},{"type":"Feature","properties":{"ID":152,"WARD_ID":"01AGFN","POPU":100,"AREA":0.0,"SOC":"UNOCCUPIED"},"geometry":{"type":"Polygon","coordinates":[[[-76.97169699999999,38.912510999999995],[-76.970597,38.914811],[-76.970246,38.915382],[-76.969819,38.91504],[-76.967578,38.915219],[-76.965954,38.915349],[-76.96463899999999,38.917082],[-76.964522,38.917235999999995],[-76.963897,38.917211],[-76.95870699999999,38.917021999999996],[-76.95839699999999,38.917010999999995],[-76.95659599999999,38.917411],[-76.95619599999999,38.917711],[-76.943996,38.916810999999996],[-76.9434,38.916827],[-76.946096,38.915510999999995],[-76.952996,38.914711],[-76.956762,38.90817],[-76.956796,38.908111],[-76.958096,38.906211],[-76.95845,38.905228],[-76.959332,38.903608],[-76.959898,38.902801],[-76.960578,38.901852999999996],[-76.96114399999999,38.900852],[-76.961579,38.90011],[-76.961827,38.899099],[-76.961745,38.898122],[-76.961655,38.897256999999996],[-76.96163,38.897017],[-76.961635,38.896719],[-76.962097,38.896811],[-76.96569699999999,38.897310999999995],[-76.968897,38.897811],[-76.969397,38.897911],[-76.97039699999999,38.898011],[-76.97039699999999,38.903511],[-76.97129699999999,38.903511],[-76.971997,38.903711],[-76.972397,38.904610999999996],[-76.969897,38.905611],[-76.973297,38.905611],[-76.974097,38.905611],[-76.975197,38.905611],[-76.97639699999999,38.906211],[-76.97719699999999,38.906611],[-76.977897,38.906811],[-76.978397,38.906911],[-76.978697,38.907111],[-76.976097,38.912411],[-76.97429699999999,38.912611],[-76.972197,38.912411],[-76.97169699999999,38.912510999999995]]]}},{"type":"Feature","properties":{"ID":153,"WARD_ID":"01AGFP","POPU":100,"AREA":0.0,"SOC":"BLUE"},"geometry":{"type":"Polygon","coordinates":[[[-76.962597,38.923511],[-76.963797,38.924211],[-76.96479699999999,38.924811],[-76.96529699999999,38.925211],[-76.964697,38.925711],[-76.96439699999999,38.926010999999995],[-76.96269699999999,38.927111],[-76.962516,38.927292],[-76.96179699999999,38.928011],[-76.95929699999999,38.929811],[-76.95879699999999,38.930211],[-76.95759699999999,38.930811],[-76.956197,38.929711],[-76.949219,38.9242],[-76.944296,38.920311],[-76.942296,38.918710999999995],[-76.941996,38.918510999999995],[-76.942551,38.917913999999996],[-76.9434,38.916827],[-76.943996,38.916810999999996],[-76.95619599999999,38.917711],[-76.955096,38.918211],[-76.956096,38.918911],[-76.956597,38.919211],[-76.959597,38.921411],[-76.960697,38.922011],[-76.961197,38.922411],[-76.962597,38.923511]]]}},{"type":"Feature","properties":{"ID":154,"WARD_ID":"01AGFQ","POPU":50,"AREA":0.0,"SOC":"RED"},"geometry":{"type":"Polygon","coordinates":[[[-76.959597,38.921411],[-76.956597,38.919211],[-76.956096,38.918911],[-76.955096,38.918211],[-76.95619599999999,38.917711],[-76.95659599999999,38.917411],[-76.95839699999999,38.917010999999995],[-76.95870699999999,38.917021999999996],[-76.963897,38.917211],[-76.964522,38.917235999999995],[-76.96463899999999,38.917082],[-76.965954,38.915349],[-76.967578,38.915219],[-76.969819,38.91504],[-76.970246,38.915382],[-76.970597,38.914811],[-76.97169699999999,38.912510999999995],[-76.972197,38.912411],[-76.97429699999999,38.912611],[-76.976097,38.912411],[-76.975797,38.913311],[-76.975297,38.914010999999995],[-76.97639699999999,38.915211],[-76.976897,38.915711],[-76.97809699999999,38.916810999999996],[-76.978197,38.917211],[-76.978397,38.917711],[-76.97849699999999,38.918110999999996],[-76.97849699999999,38.918611],[-76.979197,38.919911],[-76.979197,38.920311],[-76.979197,38.921211],[-76.979197,38.92237],[-76.979197,38.923311],[-76.979197,38.924510999999995],[-76.979297,38.925511],[-76.979097,38.926511],[-76.979097,38.927510999999996],[-76.978397,38.928011],[-76.977997,38.928311],[-76.97679699999999,38.928911],[-76.97639699999999,38.929010999999996],[-76.974897,38.929811],[-76.97469699999999,38.929911],[-76.974097,38.930011],[-76.973897,38.930310999999996],[-76.972397,38.930910999999995],[-76.971597,38.931311],[-76.97129699999999,38.931511],[-76.969297,38.932511],[-76.968197,38.933011],[-76.965997,38.934111],[-76.963697,38.935010999999996],[-76.963297,38.935111],[-76.96309699999999,38.934911],[-76.961897,38.934011],[-76.961597,38.933510999999996],[-76.961197,38.933411],[-76.959597,38.932111],[-76.959097,38.931611],[-76.95759699999999,38.930811],[-76.95879699999999,38.930211],[-76.95929699999999,38.929811],[-76.96179699999999,38.928011],[-76.962516,38.927292],[-76.96269699999999,38.927111],[-76.96439699999999,38.926010999999995],[-76.964697,38.925711],[-76.96529699999999,38.925211],[-76.96479699999999,38.924811],[-76.963797,38.924211],[-76.962597,38.923511],[-76.961197,38.922411],[-76.960697,38.922011],[-76.959597,38.921411]]]}},{"type":"Feature","properties":{"ID":155,"WARD_ID":"01AGFR","POPU":100,"AREA":0.0,"SOC":"BLUE"},"geometry":{"type":"Polygon","coordinates":[[[-77.000631,38.912510999999995],[-77.00030699999999,38.913311],[-76.999498,38.915310999999996],[-76.997326,38.919444999999996],[-76.996398,38.921211],[-76.996118,38.921279],[-76.995998,38.921310999999996],[-76.994998,38.921710999999995],[-76.99399799999999,38.921911],[-76.992598,38.922411],[-76.990397,38.923111],[-76.988197,38.923811],[-76.987697,38.923911],[-76.985897,38.924510999999995],[-76.983997,38.925411],[-76.983597,38.925511],[-76.982997,38.925810999999996],[-76.982297,38.926210999999995],[-76.98149699999999,38.926511],[-76.980997,38.926911],[-76.980397,38.927011],[-76.979097,38.927510999999996],[-76.979097,38.926511],[-76.979297,38.925511],[-76.979197,38.924510999999995],[-76.979197,38.923311],[-76.979197,38.92237],[-76.979197,38.921211],[-76.979197,38.920311],[-76.979197,38.919911],[-76.97849699999999,38.918611],[-76.97849699999999,38.918110999999996],[-76.978397,38.917711],[-76.978197,38.917211],[-76.97899699999999,38.917211],[-76.981697,38.916810999999996],[-76.98539699999999,38.915611],[-76.987997,38.914611],[-76.989297,38.914111],[-76.99089699999999,38.913610999999996],[-76.992098,38.913311],[-76.99248999999999,38.913182],[-76.995285,38.911901],[-76.997013,38.911108999999996],[-76.998198,38.910711],[-77.001498,38.909811],[-77.001398,38.910311],[-77.001198,38.911111],[-77.000631,38.912510999999995]]]}},{"type":"Feature","properties":{"ID":156,"WARD_ID":"01AGFS","POPU":100,"AREA":0.0,"SOC":"RED"},"geometry":{"type":"Polygon","coordinates":[[[-76.998498,38.925511],[-76.999698,38.925511],[-77.000598,38.925511],[-77.00259799999999,38.925610999999996],[-77.003098,38.925711],[-77.00559799999999,38.926311],[-77.00599799999999,38.926711],[-77.006098,38.927111],[-77.00559799999999,38.927510999999996],[-77.004798,38.928111],[-77.004312,38.92858],[-77.002433,38.930394],[-77.001898,38.930910999999995],[-77.001198,38.931211],[-77.000698,38.931311],[-76.99829799999999,38.932410999999995],[-76.996498,38.933111],[-76.99619799999999,38.933211],[-76.995498,38.933510999999996],[-76.99489799999999,38.933611],[-76.994698,38.933211],[-76.994498,38.932410999999995],[-76.994298,38.931311],[-76.994198,38.927411],[-76.994698,38.925411],[-76.994998,38.925511],[-76.996298,38.925511],[-76.998498,38.925511]]]}},{"type":"Feature","properties":{"ID":157,"WARD_ID":"01AGFT","POPU":50,"AREA":0.0,"SOC":"UNOCCUPIED"},"geometry":{"type":"Polygon","coordinates":[[[-77.00259799999999,38.925610999999996],[-77.003098,38.925111],[-77.003598,38.923311],[-77.00219799999999,38.923311],[-77.000698,38.923311],[-77.000598,38.922911],[-77.000698,38.922411],[-77.000698,38.921211],[-77.000598,38.920210999999995],[-77.000698,38.919810999999996],[-77.00219799999999,38.919111],[-77.003598,38.918811],[-77.005198,38.918110999999996],[-77.007198,38.917511],[-77.008398,38.916810999999996],[-77.009098,38.916711],[-77.00899799999999,38.917010999999995],[-77.009098,38.918011],[-77.009098,38.919111],[-77.009198,38.920111],[-77.009098,38.921211],[-77.009198,38.922211],[-77.009098,38.923511],[-77.009098,38.924411],[-77.009098,38.925011],[-77.009098,38.925711],[-77.009098,38.926611],[-77.008079,38.926744],[-77.00733199999999,38.926840999999996],[-77.006798,38.926911],[-77.006098,38.927111],[-77.00599799999999,38.926711],[-77.00559799999999,38.926311],[-77.003098,38.925711],[-77.00259799999999,38.925610999999996]]]}},{"type":"Feature","properties":{"ID":158,"WARD_ID":"01AGFU","POPU":100,"AREA":0.0,"SOC":"BLUE"},"geometry":{"type":"Polygon","coordinates":[[[-76.995898,38.922011],[-76.996398,38.921211],[-76.996698,38.921011],[-76.99959799999999,38.920210999999995],[-77.000698,38.919810999999996],[-77.000598,38.920210999999995],[-77.000698,38.921211],[-77.000698,38.922411],[-77.000598,38.922911],[-77.000698,38.923311],[-77.00219799999999,38.923311],[-77.003598,38.923311],[-77.003098,38.925111],[-77.00259799999999,38.925610999999996],[-77.000598,38.925511],[-76.999698,38.925511],[-76.998498,38.925511],[-76.996298,38.925511],[-76.994998,38.925511],[-76.994698,38.925411],[-76.995898,38.922011]]]}},{"type":"Feature","properties":{"ID":159,"WARD_ID":"01AGFW","POPU":100,"AREA":0.0,"SOC":"RED"},"geometry":{"type":"Polygon","coordinates":[[[-76.981597,38.935111],[-76.97979699999999,38.935111],[-76.97979699999999,38.934111],[-76.97979699999999,38.933111],[-76.979497,38.932210999999995],[-76.979497,38.931111],[-76.97939699999999,38.930211],[-76.979297,38.929010999999996],[-76.979297,38.928711],[-76.979197,38.928111],[-76.979097,38.927510999999996],[-76.980397,38.927011],[-76.980997,38.926911],[-76.98149699999999,38.926511],[-76.982297,38.926210999999995],[-76.982997,38.925810999999996],[-76.983597,38.925511],[-76.983997,38.925411],[-76.985897,38.924510999999995],[-76.985897,38.925011],[-76.985897,38.925711],[-76.985897,38.926911],[-76.986097,38.927811],[-76.988497,38.927710999999995],[-76.990798,38.927510999999996],[-76.992598,38.927510999999996],[-76.993798,38.927411],[-76.994198,38.927411],[-76.994298,38.931311],[-76.994498,38.932410999999995],[-76.994698,38.933211],[-76.99489799999999,38.933611],[-76.99399799999999,38.934111],[-76.99319799999999,38.934411],[-76.992798,38.934511],[-76.99139799999999,38.934611],[-76.988998,38.934711],[-76.986597,38.934810999999996],[-76.984797,38.934911],[-76.983097,38.935010999999996],[-76.981597,38.935111]]]}},{"type":"Feature","properties":{"ID":160,"WARD_ID":"01AGFX","POPU":50,"AREA":0.0,"SOC":"BLUE"},"geometry":{"type":"Polygon","coordinates":[[[-76.990397,38.923111],[-76.992598,38.922411],[-76.99399799999999,38.921911],[-76.994998,38.921710999999995],[-76.995998,38.921310999999996],[-76.996118,38.921279],[-76.996398,38.921211],[-76.995898,38.922011],[-76.994698,38.925411],[-76.994198,38.927411],[-76.993798,38.927411],[-76.992598,38.927510999999996],[-76.990798,38.927510999999996],[-76.988497,38.927710999999995],[-76.986097,38.927811],[-76.985897,38.926911],[-76.985897,38.925711],[-76.985897,38.925011],[-76.985897,38.924510999999995],[-76.987697,38.923911],[-76.988197,38.923811],[-76.990397,38.923111]]]}},{"type":"Feature","properties":{"ID":161,"WARD_ID":"01AHFA","POPU":100,"AREA":0.0,"SOC":"RED"},"geometry":{"type":"Polygon","coordinates":[[[-76.972397,38.930910999999995],[-76.973897,38.930310999999996],[-76.974097,38.930011],[-76.97469699999999,38.929911],[-76.974897,38.929811],[-76.97639699999999,38.929010999999996],[-76.97679699999999,38.928911],[-76.977997,38.928311],[-76.978397,38.928011],[-76.979097,38.927510999999996],[-76.979197,38.928111],[-76.979297,38.928711],[-76.979297,38.929010999999996],[-76.97939699999999,38.930211],[-76.979497,38.931111],[-76.979497,38.932210999999995],[-76.97979699999999,38.933111],[-76.97979699999999,38.934111],[-76.97979699999999,38.935111],[-76.979897,38.935711],[-76.979997,38.936211],[-76.98019699999999,38.938311],[-76.98019699999999,38.939710999999996],[-76.98019699999999,38.940711],[-76.980397,38.941511],[-76.980497,38.941911],[-76.980597,38.942811],[-76.98069699999999,38.943110999999995],[-76.98019699999999,38.943411],[-76.979697,38.944210999999996],[-76.97899699999999,38.944911],[-76.978897,38.945311],[-76.978197,38.94591],[-76.97769699999999,38.94611],[-76.974797,38.943811],[-76.973597,38.942910999999995],[-76.971897,38.941611],[-76.96949699999999,38.939811],[-76.968397,38.938811],[-76.966697,38.937611],[-76.96569699999999,38.936910999999995],[-76.96479699999999,38.936310999999996],[-76.964697,38.936111],[-76.96439699999999,38.935911],[-76.963297,38.935111],[-76.963697,38.935010999999996],[-76.965997,38.934111],[-76.968197,38.933011],[-76.969297,38.932511],[-76.97129699999999,38.931511],[-76.971597,38.931311],[-76.972397,38.930910999999995]]]}},{"type":"Feature","properties":{"ID":162,"WARD_ID":"01AHFB","POPU":100,"AREA":0.0,"SOC":"UNOCCUPIED"},"geometry":{"type":"Polygon","coordinates":[[[-77.006498,38.937411],[-77.007498,38.942211],[-77.008498,38.942910999999995],[-77.010898,38.94471],[-77.009198,38.945609999999995],[-77.008698,38.94661],[-77.008698,38.94701],[-77.008698,38.94771],[-77.008772,38.949411999999995],[-77.008798,38.95001],[-77.008898,38.95051],[-77.008898,38.95201],[-77.008298,38.95201],[-77.00769799999999,38.95191],[-77.007898,38.95131],[-77.007166,38.951212999999996],[-77.00671799999999,38.951169],[-77.00590199999999,38.950925999999995],[-77.00507499999999,38.950693],[-77.004226,38.950401],[-77.003525,38.950038],[-77.003044,38.949641],[-77.00273399999999,38.949193],[-77.002207,38.948453],[-77.00204599999999,38.948229],[-77.001581,38.947981999999996],[-77.00124799999999,38.947744],[-77.001098,38.94751],[-77.000698,38.94661],[-77.000198,38.946658],[-76.999883,38.945867],[-76.997798,38.940811],[-76.99489799999999,38.933611],[-76.995498,38.933510999999996],[-76.99619799999999,38.933211],[-76.996498,38.933111],[-76.99829799999999,38.932410999999995],[-77.000698,38.931311],[-77.00129799999999,38.931911],[-77.00169799999999,38.934511],[-77.00219899999999,38.93731],[-77.00219799999999,38.937311],[-77.00559799999999,38.936710999999995],[-77.005898,38.936710999999995],[-77.006298,38.936611],[-77.006498,38.937411]]]}},{"type":"Feature","properties":{"ID":163,"WARD_ID":"01AHFC","POPU":50,"AREA":0.0,"SOC":"BLUE"},"geometry":{"type":"Polygon","coordinates":[[[-76.984797,38.934911],[-76.986597,38.934810999999996],[-76.988998,38.934711],[-76.988798,38.936111],[-76.988598,38.937311],[-76.98849799999999,38.938311],[-76.98849799999999,38.938911],[-76.98849799999999,38.939710999999996],[-76.98849799999999,38.940411],[-76.98849799999999,38.940733],[-76.98849799999999,38.941911],[-76.98849799999999,38.942910999999995],[-76.98849799999999,38.943311],[-76.988598,38.944311],[-76.98889799999999,38.945009999999996],[-76.988998,38.94581],[-76.98929799999999,38.946509999999996],[-76.98929799999999,38.946909999999995],[-76.989398,38.94761],[-76.98969799999999,38.94901],[-76.98969799999999,38.949909999999996],[-76.98969799999999,38.95051],[-76.98969799999999,38.95111],[-76.989398,38.95201],[-76.988598,38.952909999999996],[-76.98539699999999,38.95201],[-76.984397,38.95131],[-76.978697,38.94681],[-76.97849699999999,38.94661],[-76.97769699999999,38.94611],[-76.978197,38.94591],[-76.978897,38.945311],[-76.97899699999999,38.944911],[-76.979697,38.944210999999996],[-76.98019699999999,38.943411],[-76.98069699999999,38.943110999999995],[-76.980597,38.942811],[-76.980497,38.941911],[-76.980397,38.941511],[-76.98019699999999,38.940711],[-76.98019699999999,38.939710999999996],[-76.98019699999999,38.938311],[-76.979997,38.936211],[-76.979897,38.935711],[-76.97979699999999,38.935111],[-76.981597,38.935111],[-76.983097,38.935010999999996],[-76.984797,38.934911]]]}},{"type":"Feature","properties":{"ID":164,"WARD_ID":"01AHFD","POPU":100,"AREA":0.0,"SOC":"RED"},"geometry":{"type":"Polygon","coordinates":[[[-76.990398,38.94591],[-76.988998,38.94581],[-76.98889799999999,38.945009999999996],[-76.988598,38.944311],[-76.98849799999999,38.943311],[-76.98849799999999,38.942910999999995],[-76.98849799999999,38.941911],[-76.98849799999999,38.940733],[-76.98849799999999,38.940411],[-76.98849799999999,38.939710999999996],[-76.98849799999999,38.938911],[-76.98849799999999,38.938311],[-76.988598,38.937311],[-76.988798,38.936111],[-76.988998,38.934711],[-76.99139799999999,38.934611],[-76.992798,38.934511],[-76.99319799999999,38.934411],[-76.99399799999999,38.934111],[-76.99489799999999,38.933611],[-76.997798,38.940811],[-76.999883,38.945867],[-76.99919799999999,38.94591],[-76.997962,38.945966],[-76.997871,38.945969999999996],[-76.99699799999999,38.94601],[-76.996861,38.946003],[-76.995098,38.94591],[-76.992798,38.94591],[-76.990398,38.94591]]]}},{"type":"Feature","properties":{"ID":165,"WARD_ID":"01AHFE","POPU":100,"AREA":0.0,"SOC":"BLUE"},"geometry":{"type":"Polygon","coordinates":[[[-77.007998,38.96971],[-77.007498,38.969409999999996],[-77.006298,38.96861],[-77.005898,38.96821],[-77.004998,38.96751],[-77.00429799999999,38.96691],[-77.003498,38.96621],[-77.002498,38.96541],[-77.00129799999999,38.96451],[-77.000798,38.964009999999995],[-76.99999799999999,38.96331],[-76.99919799999999,38.96281],[-76.998898,38.96261],[-76.998498,38.962309999999995],[-76.997698,38.96161],[-76.997198,38.96111],[-76.998398,38.96091],[-76.99919799999999,38.960609999999996],[-77.000098,38.95971],[-77.000498,38.959109999999995],[-77.001098,38.95841],[-77.002298,38.95651],[-77.003798,38.95551],[-77.00509699999999,38.955141999999995],[-77.006198,38.95491],[-77.00729799999999,38.95471],[-77.00899799999999,38.954409999999996],[-77.00899799999999,38.95521],[-77.00899799999999,38.955709999999996],[-77.00899799999999,38.956109999999995],[-77.00899799999999,38.95661],[-77.00899799999999,38.957209999999996],[-77.00899799999999,38.95821],[-77.00899799999999,38.959109999999995],[-77.00899799999999,38.959309999999995],[-77.009198,38.95981],[-77.009798,38.96101],[-77.010598,38.96201],[-77.010398,38.96241],[-77.009498,38.96351],[-77.008898,38.96431],[-77.009098,38.96451],[-77.00899799999999,38.96611],[-77.009098,38.96691],[-77.009098,38.96781],[-77.009098,38.96871],[-77.009098,38.969609999999996],[-77.008298,38.97011],[-77.007998,38.96971]]]}},{"type":"Feature","properties":{"ID":166,"WARD_ID":"01AHFF","POPU":50,"AREA":0.0,"SOC":"RED"},"geometry":{"type":"Polygon","coordinates":[[[-76.999098,38.956109999999995],[-76.99959799999999,38.95531],[-77.000198,38.954809999999995],[-77.001998,38.956309999999995],[-77.002298,38.95651],[-77.001098,38.95841],[-77.000498,38.959109999999995],[-77.000098,38.95971],[-76.99919799999999,38.960609999999996],[-76.998398,38.96091],[-76.997198,38.96111],[-76.995823,38.960052],[-76.994598,38.959109999999995],[-76.992598,38.957609999999995],[-76.99229799999999,38.957409999999996],[-76.99439799999999,38.95701],[-76.997498,38.95691],[-76.99869799999999,38.95651],[-76.999098,38.956109999999995]]]}},{"type":"Feature","properties":{"ID":167,"WARD_ID":"01AHFG","POPU":100,"AREA":0.0,"SOC":"UNOCCUPIED"},"geometry":{"type":"Polygon","coordinates":[[[-77.00769799999999,38.95191],[-77.008298,38.95201],[-77.008898,38.95201],[-77.008898,38.95301],[-77.00899799999999,38.954209999999996],[-77.00899799999999,38.954409999999996],[-77.00729799999999,38.95471],[-77.006198,38.95491],[-77.00509699999999,38.955141999999995],[-77.003798,38.95551],[-77.002298,38.95651],[-77.001998,38.956309999999995],[-77.000198,38.954809999999995],[-76.99959799999999,38.95531],[-76.999098,38.956109999999995],[-76.99869799999999,38.95651],[-76.997498,38.95691],[-76.99439799999999,38.95701],[-76.99229799999999,38.957409999999996],[-76.991798,38.95701],[-76.99139799999999,38.95671],[-76.991198,38.95651],[-76.990398,38.955709999999996],[-76.989398,38.95521],[-76.987898,38.95401],[-76.98539699999999,38.95201],[-76.988598,38.952909999999996],[-76.989398,38.95201],[-76.99059799999999,38.95201],[-76.991798,38.95201],[-76.992998,38.95201],[-76.994098,38.95191],[-76.995998,38.95171],[-76.998098,38.951409999999996],[-76.999498,38.95111],[-77.001498,38.95061],[-77.001798,38.95051],[-77.000198,38.946658],[-77.000698,38.94661],[-77.001098,38.94751],[-77.00124799999999,38.947744],[-77.001581,38.947981999999996],[-77.00204599999999,38.948229],[-77.002207,38.948453],[-77.00273399999999,38.949193],[-77.003044,38.949641],[-77.003525,38.950038],[-77.004226,38.950401],[-77.00507499999999,38.950693],[-77.00590199999999,38.950925999999995],[-77.00671799999999,38.951169],[-77.007166,38.951212999999996],[-77.007898,38.95131],[-77.00769799999999,38.95191]]]}},{"type":"Feature","properties":{"ID":168,"WARD_ID":"01AHFH","POPU":100,"AREA":0.0,"SOC":"BLUE"},"geometry":{"type":"Polygon","coordinates":[[[-76.98929799999999,38.946509999999996],[-76.988998,38.94581],[-76.990398,38.94591],[-76.992798,38.94591],[-76.995098,38.94591],[-76.996861,38.946003],[-76.99699799999999,38.94601],[-76.997871,38.945969999999996],[-76.997962,38.945966],[-76.99919799999999,38.94591],[-76.999883,38.945867],[-77.000198,38.946658],[-77.001798,38.95051],[-77.001498,38.95061],[-76.999498,38.95111],[-76.998098,38.951409999999996],[-76.995998,38.95171],[-76.994098,38.95191],[-76.992998,38.95201],[-76.991798,38.95201],[-76.99059799999999,38.95201],[-76.989398,38.95201],[-76.98969799999999,38.95111],[-76.98969799999999,38.95051],[-76.98969799999999,38.949909999999996],[-76.98969799999999,38.94901],[-76.989398,38.94761],[-76.98929799999999,38.946909999999995],[-76.98929799999999,38.946509999999996]]]}},{"type":"Feature","properties":{"ID":169,"WARD_ID":"01AHFJ","POPU":50,"AREA":0.0,"SOC":"RED"},"geometry":{"type":"Polygon","coordinates":[[[-76.934196,38.912211],[-76.933996,38.912110999999996],[-76.932896,38.911111],[-76.931996,38.910610999999996],[-76.931696,38.910410999999996],[-76.932896,38.910111],[-76.93305,38.909988],[-76.933318,38.909773],[-76.933399,38.909715],[-76.93495,38.908617],[-76.936796,38.907311],[-76.940347,38.904481],[-76.94078499999999,38.903923],[-76.941296,38.903310999999995],[-76.94289599999999,38.902011],[-76.94379599999999,38.901210999999996],[-76.94459599999999,38.901711],[-76.944896,38.902111],[-76.95059599999999,38.908511],[-76.951296,38.908811],[-76.955696,38.905910999999996],[-76.955724,38.905742],[-76.957472,38.905797],[-76.957702,38.905750999999995],[-76.958096,38.906211],[-76.956796,38.908111],[-76.956762,38.90817],[-76.952996,38.914711],[-76.946096,38.915510999999995],[-76.9434,38.916827],[-76.942551,38.917913999999996],[-76.941996,38.918510999999995],[-76.941696,38.918310999999996],[-76.941496,38.918011],[-76.939996,38.916810999999996],[-76.939065,38.916134],[-76.938896,38.916011],[-76.937696,38.915310999999996],[-76.937058,38.91482],[-76.935096,38.913311],[-76.93439599999999,38.912411],[-76.93423899999999,38.912254],[-76.934196,38.912211]]]}},{"type":"Feature","properties":{"ID":170,"WARD_ID":"01AHFK","POPU":100,"AREA":0.0,"SOC":"BLUE"},"geometry":{"type":"Polygon","coordinates":[[[-76.952396,38.895711],[-76.95489599999999,38.896111],[-76.95749599999999,38.896411],[-76.959296,38.896611],[-76.96009699999999,38.896611],[-76.961097,38.896611],[-76.961635,38.896719],[-76.96163,38.897017],[-76.961655,38.897256999999996],[-76.961745,38.898122],[-76.961827,38.899099],[-76.961579,38.90011],[-76.96114399999999,38.900852],[-76.960578,38.901852999999996],[-76.959898,38.902801],[-76.959332,38.903608],[-76.95845,38.905228],[-76.958096,38.906211],[-76.957702,38.905750999999995],[-76.957472,38.905797],[-76.955724,38.905742],[-76.955696,38.905910999999996],[-76.951296,38.908811],[-76.95059599999999,38.908511],[-76.944896,38.902111],[-76.94459599999999,38.901711],[-76.94379599999999,38.901210999999996],[-76.94979599999999,38.897011],[-76.95149599999999,38.895610999999995],[-76.951996,38.895711],[-76.952396,38.895711]]]}},{"type":"Feature","properties":{"ID":171,"WARD_ID":"01AHFL","POPU":100,"AREA":0.0,"SOC":"RED"},"geometry":{"type":"Polygon","coordinates":[[[-76.942596,38.889812],[-76.944396,38.889911999999995],[-76.944996,38.889812],[-76.94719599999999,38.889812],[-76.94929599999999,38.889711999999996],[-76.95019599999999,38.889812],[-76.950696,38.889812],[-76.951296,38.889812],[-76.951996,38.889812],[-76.953096,38.889911999999995],[-76.955996,38.889911999999995],[-76.956796,38.889812],[-76.957196,38.889812],[-76.95659599999999,38.890412],[-76.954014,38.893043],[-76.95149599999999,38.895610999999995],[-76.950796,38.895410999999996],[-76.949196,38.895111],[-76.948296,38.894811],[-76.947996,38.894611],[-76.946696,38.894011],[-76.94459599999999,38.893412],[-76.942696,38.892812],[-76.940896,38.892212],[-76.94064,38.892084],[-76.940296,38.891912],[-76.93909599999999,38.891411999999995],[-76.937896,38.890512],[-76.937596,38.890111999999995],[-76.93739599999999,38.889711999999996],[-76.93819599999999,38.889612],[-76.939996,38.889612],[-76.940296,38.889711999999996],[-76.942596,38.889812]]]}},{"type":"Feature","properties":{"ID":172,"WARD_ID":"01AHFM","POPU":50,"AREA":0.0,"SOC":"UNOCCUPIED"},"geometry":{"type":"Polygon","coordinates":[[[-76.951996,38.895711],[-76.95149599999999,38.895610999999995],[-76.954014,38.893043],[-76.95659599999999,38.890412],[-76.957196,38.889812],[-76.957796,38.889812],[-76.958496,38.889711999999996],[-76.959096,38.889711999999996],[-76.959696,38.889711999999996],[-76.96246699999999,38.889694],[-76.963597,38.889697],[-76.963186,38.891593],[-76.96182999999999,38.895106],[-76.96164499999999,38.8964],[-76.961635,38.896719],[-76.961097,38.896611],[-76.96009699999999,38.896611],[-76.959296,38.896611],[-76.95749599999999,38.896411],[-76.95489599999999,38.896111],[-76.952396,38.895711],[-76.951996,38.895711]]]}},{"type":"Feature","properties":{"ID":173,"WARD_ID":"01AHFN","POPU":100,"AREA":0.0,"SOC":"BLUE"},"geometry":{"type":"Polygon","coordinates":[[[-76.99089699999999,38.829513],[-76.991297,38.829212999999996],[-76.99139699999999,38.829113],[-76.99349699999999,38.829313],[-76.994697,38.829313],[-76.993797,38.830113],[-76.993522,38.830318999999996],[-76.992597,38.831013],[-76.990797,38.832513],[-76.989397,38.833712],[-76.989997,38.834012],[-76.99049699999999,38.834412],[-76.990697,38.834512],[-76.99179699999999,38.835311999999995],[-76.992397,38.836012],[-76.99278699999999,38.836597999999995],[-76.993197,38.837212],[-76.993197,38.837612],[-76.992397,38.837711999999996],[-76.991697,38.838311999999995],[-76.98919699999999,38.838612],[-76.98879699999999,38.838912],[-76.988197,38.838712],[-76.988097,38.838311999999995],[-76.987997,38.838012],[-76.987697,38.837412],[-76.987397,38.837112],[-76.987175,38.836723],[-76.986997,38.836411999999996],[-76.98539699999999,38.834911999999996],[-76.984697,38.834112],[-76.985297,38.833812],[-76.985597,38.833512],[-76.986997,38.832513],[-76.98879699999999,38.831213],[-76.98919699999999,38.830912999999995],[-76.989397,38.830613],[-76.989486,38.830548],[-76.99089699999999,38.829513]]]}},{"type":"Feature","properties":{"ID":174,"WARD_ID":"01AHFP","POPU":100,"AREA":0.0,"SOC":"RED"},"geometry":{"type":"Polygon","coordinates":[[[-76.990797,38.832513],[-76.991197,38.832812],[-76.992897,38.832212999999996],[-76.994597,38.832012999999996],[-76.999197,38.832111999999995],[-77.000297,38.831412],[-77.000297,38.831112999999995],[-77.001797,38.831112999999995],[-77.003297,38.831112],[-77.00379699999999,38.831212],[-77.002797,38.832212],[-77.00249699999999,38.832812],[-77.002197,38.833312],[-77.001497,38.833611999999995],[-77.000497,38.834112],[-76.998297,38.835311999999995],[-76.997197,38.836811999999995],[-76.995297,38.837112],[-76.994497,38.837512],[-76.993197,38.837612],[-76.993197,38.837212],[-76.99278699999999,38.836597999999995],[-76.992397,38.836012],[-76.99179699999999,38.835311999999995],[-76.990697,38.834512],[-76.99049699999999,38.834412],[-76.989997,38.834012],[-76.989397,38.833712],[-76.990797,38.832513]]]}},{"type":"Feature","properties":{"ID":175,"WARD_ID":"01AHFQ","POPU":50,"AREA":0.0,"SOC":"BLUE"},"geometry":{"type":"Polygon","coordinates":[[[-76.994597,38.832012999999996],[-76.992897,38.832212999999996],[-76.991197,38.832812],[-76.990797,38.832513],[-76.992597,38.831013],[-76.993522,38.830318999999996],[-76.993797,38.830113],[-76.994697,38.829313],[-76.99609699999999,38.829313],[-76.998397,38.829313],[-77.00039699999999,38.829412999999995],[-77.00039699999999,38.830213],[-77.000297,38.831112999999995],[-77.000297,38.831412],[-76.999197,38.832111999999995],[-76.994597,38.832012999999996]]]}},{"type":"Feature","properties":{"ID":176,"WARD_ID":"01AHFR","POPU":100,"AREA":0.0,"SOC":"RED"},"geometry":{"type":"Polygon","coordinates":[[[-77.00379699999999,38.831212],[-77.005798,38.831412],[-77.007498,38.831711999999996],[-77.00769799999999,38.831612],[-77.008398,38.833812],[-77.007598,38.835812],[-77.007598,38.836112],[-77.006198,38.837711999999996],[-77.005798,38.838111999999995],[-77.004798,38.839611999999995],[-77.004198,38.840212],[-77.004098,38.840512],[-77.003298,38.840212],[-77.002597,38.840612],[-77.001297,38.842012],[-77.00039699999999,38.841912],[-77.00039699999999,38.840612],[-77.000497,38.836411999999996],[-77.000297,38.835612],[-77.000497,38.834112],[-77.001497,38.833611999999995],[-77.002197,38.833312],[-77.00249699999999,38.832812],[-77.002797,38.832212],[-77.00379699999999,38.831212]]]}},{"type":"Feature","properties":{"ID":177,"WARD_ID":"01AHFS","POPU":100,"AREA":0.0,"SOC":"UNOCCUPIED"},"geometry":{"type":"Polygon","coordinates":[[[-76.993397,38.839012],[-76.993197,38.837612],[-76.994497,38.837512],[-76.995297,38.837112],[-76.997197,38.836811999999995],[-76.998297,38.835311999999995],[-77.000497,38.834112],[-77.000297,38.835612],[-77.000497,38.836411999999996],[-77.00039699999999,38.840612],[-77.00039699999999,38.841912],[-77.001297,38.842012],[-77.002597,38.840612],[-77.003298,38.840212],[-77.004098,38.840512],[-77.003298,38.841412],[-77.00299799999999,38.841712],[-77.00249699999999,38.842312],[-77.001297,38.842811999999995],[-77.000697,38.842912],[-77.00039699999999,38.843012],[-77.000097,38.843112],[-76.999297,38.843012],[-76.998297,38.843112],[-76.997597,38.843212],[-76.99569699999999,38.843612],[-76.995097,38.843712],[-76.994497,38.843812],[-76.993997,38.843812],[-76.993797,38.842411999999996],[-76.99349699999999,38.840612],[-76.993597,38.840012],[-76.993397,38.839012]]]}},{"type":"Feature","properties":{"ID":178,"WARD_ID":"01AHFT","POPU":50,"AREA":0.0,"SOC":"BLUE"},"geometry":{"type":"Polygon","coordinates":[[[-77.00039699999999,38.829412999999995],[-76.998397,38.829313],[-76.99609699999999,38.829313],[-76.994697,38.829313],[-76.99349699999999,38.829313],[-76.99139699999999,38.829113],[-76.99269699999999,38.828213],[-76.995907,38.825587],[-76.995997,38.825513],[-76.99649699999999,38.824613],[-76.997597,38.824113],[-76.99779699999999,38.823913],[-76.998097,38.823613],[-76.99983,38.822061999999995],[-76.99989699999999,38.822013],[-76.999997,38.821912999999995],[-77.000197,38.821813],[-77.000297,38.821712999999995],[-77.000497,38.821712999999995],[-77.001397,38.821512999999996],[-77.001897,38.822113],[-77.004397,38.823412999999995],[-77.005397,38.824013],[-77.005898,38.824512999999996],[-77.006798,38.825413],[-77.00729799999999,38.826313],[-77.00769799999999,38.828013],[-77.00769799999999,38.829513],[-77.007598,38.830313],[-77.00769799999999,38.831612],[-77.007498,38.831711999999996],[-77.005798,38.831412],[-77.00379699999999,38.831212],[-77.003297,38.831112],[-77.001797,38.831112999999995],[-77.000297,38.831112999999995],[-77.00039699999999,38.830213],[-77.00039699999999,38.829412999999995]]]}},{"type":"Feature","properties":{"ID":179,"WARD_ID":"01AHFU","POPU":100,"AREA":0.0,"SOC":"RED"},"geometry":{"type":"Polygon","coordinates":[[[-77.01629799999999,38.823813],[-77.017198,38.823913],[-77.017498,38.823913],[-77.017398,38.824413],[-77.017398,38.828413],[-77.017398,38.829212999999996],[-77.016998,38.829612],[-77.016098,38.830912],[-77.01329799999999,38.834612],[-77.00989799999999,38.838712],[-77.009798,38.838712],[-77.009298,38.839411999999996],[-77.009198,38.838712],[-77.00899799999999,38.838412],[-77.008398,38.837612],[-77.007598,38.836112],[-77.007598,38.835812],[-77.008398,38.833812],[-77.00769799999999,38.831612],[-77.007598,38.830313],[-77.00769799999999,38.829513],[-77.00769799999999,38.828013],[-77.00729799999999,38.826313],[-77.006798,38.825413],[-77.005898,38.824512999999996],[-77.005397,38.824013],[-77.005698,38.823913],[-77.007098,38.823813],[-77.007898,38.823513],[-77.008798,38.823913],[-77.011698,38.823913],[-77.011398,38.822913],[-77.012098,38.822113],[-77.012598,38.823212999999996],[-77.015855,38.823741],[-77.01629799999999,38.823813]]]}},{"type":"Feature","properties":{"ID":180,"WARD_ID":"01AHFW","POPU":100,"AREA":0.0,"SOC":"BLUE"},"geometry":{"type":"Polygon","coordinates":[[[-77.004397,38.823412999999995],[-77.001897,38.822113],[-77.001397,38.821512999999996],[-77.006297,38.817212999999995],[-77.009098,38.815013],[-77.00939799999999,38.815613],[-77.00899799999999,38.816213],[-77.01109799999999,38.816213],[-77.01109799999999,38.816513],[-77.010598,38.817113],[-77.01069799999999,38.819413],[-77.01069799999999,38.820012999999996],[-77.010898,38.821013],[-77.011398,38.822913],[-77.011698,38.823913],[-77.008798,38.823913],[-77.007898,38.823513],[-77.007098,38.823813],[-77.005698,38.823913],[-77.005397,38.824013],[-77.004397,38.823412999999995]]]}},{"type":"Feature","properties":{"ID":181,"WARD_ID":"01AHFX","POPU":50,"AREA":0.0,"SOC":"RED"},"geometry":{"type":"Polygon","coordinates":[[[-76.99439699999999,38.845611999999996],[-76.995147,38.846021],[-76.995497,38.846212],[-76.99609699999999,38.846612],[-76.995997,38.847311999999995],[-76.995997,38.848012],[-76.99609699999999,38.848411999999996],[-76.99739699999999,38.848512],[-76.999297,38.848611999999996],[-77.005698,38.852412],[-77.00599799999999,38.852812],[-77.003798,38.860012],[-77.00339799999999,38.860712],[-77.00299799999999,38.860412],[-77.002898,38.860312],[-77.002698,38.860112],[-77.002498,38.860012],[-76.998497,38.857611999999996],[-76.995997,38.856012],[-76.992097,38.853511999999995],[-76.986297,38.850012],[-76.98499699999999,38.849112],[-76.988897,38.844912],[-76.989097,38.844712],[-76.990397,38.844412],[-76.991497,38.844311999999995],[-76.992097,38.844212],[-76.992297,38.844311999999995],[-76.993197,38.845012],[-76.993597,38.845112],[-76.99439699999999,38.845611999999996]]]}},{"type":"Feature","properties":{"ID":182,"WARD_ID":"01AHFY","POPU":100,"AREA":0.0,"SOC":"UNOCCUPIED"},"geometry":{"type":"Polygon","coordinates":[[[-76.96299599999999,38.870412],[-76.963297,38.870512],[-76.96479699999999,38.870912],[-76.96479699999999,38.871812],[-76.96479699999999,38.872811999999996],[-76.964897,38.873712],[-76.964897,38.874412],[-76.96479699999999,38.874711999999995],[-76.96479699999999,38.875412],[-76.96479699999999,38.876211999999995],[-76.963397,38.877012],[-76.962897,38.877311999999996],[-76.961996,38.877711999999995],[-76.961096,38.878612],[-76.959896,38.880112],[-76.95879599999999,38.881712],[-76.958596,38.882011999999996],[-76.958096,38.882712],[-76.957396,38.883612],[-76.95659599999999,38.883612],[-76.956296,38.883612],[-76.953996,38.883612],[-76.95149599999999,38.883312],[-76.949596,38.882912],[-76.946696,38.882712],[-76.94589599999999,38.881512],[-76.945596,38.880612],[-76.948796,38.879011999999996],[-76.948796,38.876011999999996],[-76.948396,38.875212],[-76.948696,38.872811999999996],[-76.948596,38.871511999999996],[-76.949896,38.867912],[-76.951596,38.867211999999995],[-76.952996,38.866312],[-76.953396,38.866412],[-76.956096,38.867512],[-76.95709599999999,38.867912],[-76.958596,38.868412],[-76.960396,38.869312],[-76.961396,38.869512],[-76.96299599999999,38.870412]]]}},{"type":"Feature","properties":{"ID":183,"WARD_ID":"01AJFA","POPU":100,"AREA":0.0,"SOC":"BLUE"},"geometry":{"type":"Polygon","coordinates":[[[-76.938096,38.874511999999996],[-76.937218,38.873897],[-76.937096,38.873812],[-76.936196,38.873512],[-76.934896,38.872912],[-76.935496,38.872412],[-76.935996,38.871911999999995],[-76.936396,38.871812],[-76.936796,38.871412],[-76.937096,38.871112],[-76.93739599999999,38.871012],[-76.937896,38.870612],[-76.938496,38.870112],[-76.938996,38.869612],[-76.939396,38.869212],[-76.939696,38.869012],[-76.940196,38.868612],[-76.94079599999999,38.868111999999996],[-76.941496,38.867712],[-76.94249599999999,38.866912],[-76.94379599999999,38.866012],[-76.944796,38.865212],[-76.945796,38.864412],[-76.946696,38.863811999999996],[-76.947496,38.864211999999995],[-76.949996,38.865012],[-76.951296,38.865612],[-76.951796,38.865812],[-76.952996,38.866312],[-76.951596,38.867211999999995],[-76.949896,38.867912],[-76.948596,38.871511999999996],[-76.948696,38.872811999999996],[-76.948396,38.875212],[-76.948796,38.876011999999996],[-76.948796,38.879011999999996],[-76.945596,38.880612],[-76.944696,38.879011999999996],[-76.944796,38.879112],[-76.942796,38.876812],[-76.94159599999999,38.876712],[-76.939595,38.875327],[-76.938996,38.874911999999995],[-76.938096,38.874511999999996]]]}},{"type":"Feature","properties":{"ID":184,"WARD_ID":"01AJFB","POPU":50,"AREA":0.0,"SOC":"RED"},"geometry":{"type":"Polygon","coordinates":[[[-76.92749599999999,38.888611999999995],[-76.928839,38.8891],[-76.92969599999999,38.889412],[-76.93049599999999,38.889711999999996],[-76.929896,38.889812],[-76.92789599999999,38.889812],[-76.926896,38.889711999999996],[-76.925896,38.889711999999996],[-76.92489499999999,38.889711999999996],[-76.923795,38.889711999999996],[-76.922795,38.889711999999996],[-76.92059499999999,38.889812],[-76.919395,38.889812],[-76.917695,38.889711999999996],[-76.914795,38.889812],[-76.913795,38.889812],[-76.91329499999999,38.889812],[-76.914295,38.888912],[-76.91589499999999,38.887712],[-76.916895,38.886911999999995],[-76.91759499999999,38.886412],[-76.918495,38.885611999999995],[-76.919795,38.886012],[-76.920795,38.886212],[-76.922095,38.886412],[-76.922995,38.886511999999996],[-76.923295,38.886511999999996],[-76.924195,38.886711999999996],[-76.925495,38.887512],[-76.92669599999999,38.888411999999995],[-76.92749599999999,38.888611999999995]]]}},{"type":"Feature","properties":{"ID":185,"WARD_ID":"01AJFC","POPU":100,"AREA":0.0,"SOC":"BLUE"},"geometry":{"type":"Polygon","coordinates":[[[-76.927796,38.887111999999995],[-76.92789599999999,38.886511999999996],[-76.928096,38.885611999999995],[-76.928296,38.885011999999996],[-76.92839599999999,38.884412],[-76.92839599999999,38.883711999999996],[-76.92879599999999,38.882912],[-76.92879599999999,38.882211999999996],[-76.92919599999999,38.881612],[-76.929496,38.880612],[-76.930596,38.880812],[-76.931101,38.881166],[-76.931596,38.881512],[-76.932996,38.881412],[-76.933396,38.882211999999996],[-76.934296,38.883112],[-76.934696,38.883711999999996],[-76.93559599999999,38.885411999999995],[-76.935796,38.885712],[-76.935996,38.886212],[-76.932896,38.885611999999995],[-76.932796,38.886212],[-76.93269599999999,38.887012],[-76.932496,38.887612],[-76.932396,38.888312],[-76.93219599999999,38.888912],[-76.931996,38.889711999999996],[-76.931096,38.889711999999996],[-76.93049599999999,38.889711999999996],[-76.92969599999999,38.889412],[-76.928839,38.8891],[-76.92749599999999,38.888611999999995],[-76.927596,38.888512],[-76.927696,38.887812],[-76.927796,38.887111999999995]]]}},{"type":"Feature","properties":{"ID":186,"WARD_ID":"01AJFD","POPU":100,"AREA":0.0,"SOC":"RED"},"geometry":{"type":"Polygon","coordinates":[[[-76.918495,38.885611999999995],[-76.91929499999999,38.885112],[-76.919932,38.884616],[-76.92019499999999,38.884412],[-76.920795,38.883911999999995],[-76.92139499999999,38.883312],[-76.922195,38.882812],[-76.922895,38.882211999999996],[-76.92359499999999,38.881512],[-76.924495,38.881212],[-76.925095,38.881012],[-76.926896,38.880812],[-76.929496,38.880612],[-76.92919599999999,38.881612],[-76.92879599999999,38.882211999999996],[-76.92879599999999,38.882912],[-76.92839599999999,38.883711999999996],[-76.92839599999999,38.884412],[-76.928296,38.885011999999996],[-76.928096,38.885611999999995],[-76.92789599999999,38.886511999999996],[-76.927796,38.887111999999995],[-76.927696,38.887812],[-76.927596,38.888512],[-76.92749599999999,38.888611999999995],[-76.92669599999999,38.888411999999995],[-76.925495,38.887512],[-76.924195,38.886711999999996],[-76.923295,38.886511999999996],[-76.922995,38.886511999999996],[-76.922095,38.886412],[-76.920795,38.886212],[-76.919795,38.886012],[-76.918495,38.885611999999995]]]}},{"type":"Feature","properties":{"ID":187,"WARD_ID":"01AJFE","POPU":50,"AREA":0.0,"SOC":"UNOCCUPIED"},"geometry":{"type":"Polygon","coordinates":[[[-76.940596,38.886612],[-76.940196,38.887412],[-76.939796,38.888411999999995],[-76.938812,38.88915],[-76.93819599999999,38.889612],[-76.93739599999999,38.889711999999996],[-76.936196,38.889711999999996],[-76.934896,38.889711999999996],[-76.934296,38.889711999999996],[-76.93269599999999,38.889711999999996],[-76.931996,38.889711999999996],[-76.93219599999999,38.888912],[-76.932396,38.888312],[-76.932496,38.887612],[-76.93269599999999,38.887012],[-76.932796,38.886212],[-76.932896,38.885611999999995],[-76.935996,38.886212],[-76.936196,38.886711999999996],[-76.940596,38.886612]]]}},{"type":"Feature","properties":{"ID":188,"WARD_ID":"01AJFF","POPU":100,"AREA":0.0,"SOC":"BLUE"},"geometry":{"type":"Polygon","coordinates":[[[-76.940496,38.880311999999996],[-76.942396,38.880511999999996],[-76.943196,38.880012],[-76.943996,38.879411999999995],[-76.944696,38.879011999999996],[-76.945596,38.880612],[-76.944696,38.881012],[-76.94379599999999,38.881612],[-76.94289599999999,38.882011999999996],[-76.94249599999999,38.882411999999995],[-76.941896,38.883212],[-76.94159599999999,38.883412],[-76.940896,38.884812],[-76.940596,38.885712],[-76.940596,38.886612],[-76.936196,38.886711999999996],[-76.935996,38.886212],[-76.935796,38.885712],[-76.93559599999999,38.885411999999995],[-76.934696,38.883711999999996],[-76.934296,38.883112],[-76.933396,38.882211999999996],[-76.932996,38.881412],[-76.93519599999999,38.880511999999996],[-76.935996,38.880212],[-76.939296,38.880212],[-76.940496,38.880311999999996]]]}}]}